order_id,order_datetime,customer_id,product_id,quantity,unit_price,discount_pct,payment_method,sales_channel,updated_at,source_batch,reason_code
O000001,2026-01-16 17:22:00,C0093,P036,5,220.86,5,Cash,Store,2026-01-17 23:59:00,orders_batch_1,INVALID_DATE
O000002,2026-03-13 23:19:00,C0056,P004,4,1451.77,0,Bank Transfer,Store,2026-03-14 23:59:00,orders_batch_1,INVALID_DATE
O000003,2026-02-06 02:06:00,C0102,P003,6,344.85,0,PromptPay,Online,2026-02-07 23:59:00,orders_batch_1,INVALID_DATE
O000004,2026-01-24 07:36:00,C0046,P031,4,599.9,0,Bank Transfer,Marketplace,2026-01-25 23:59:00,orders_batch_1,INVALID_DATE
O000005,2026-02-09 22:06:00,C0016,P013,2,848.73,5,PromptPay,Marketplace,2026-02-10 23:59:00,orders_batch_1,INVALID_DATE
O000006,2026-02-17 12:45:00,C0101,P031,1,599.9,0,Credit Card,Marketplace,2026-02-18 23:59:00,orders_batch_1,INVALID_DATE
O000007,2026-02-11 22:55:00,C0111,P007,3,619.54,10,Cash,Marketplace,2026-02-12 23:59:00,orders_batch_1,INVALID_DATE
O000008,2026-02-03 03:26:00,C0033,P047,1,613.02,5,Credit Card,Store,2026-02-04 23:59:00,orders_batch_1,INVALID_DATE
O000009,2026-03-18 11:59:00,C0120,P004,6,1451.77,5,Credit Card,Store,2026-03-19 23:59:00,orders_batch_1,INVALID_DATE
O000010,2026-01-30 08:49:00,C0169,P024,6,241.87,10,Credit Card,Store,2026-01-31 23:59:00,orders_batch_1,INVALID_DATE
O000011,2026-02-18 15:41:00,C0087,P047,5,613.02,15,Bank Transfer,Marketplace,2026-02-19 23:59:00,orders_batch_1,INVALID_DATE
O000012,2026-03-04 23:10:00,C0104,P029,6,450.41,0,PromptPay,Store,2026-03-05 23:59:00,orders_batch_1,INVALID_DATE
O000013,2026-01-03 14:15:00,C0055,P010,4,1366.97,15,PromptPay,Marketplace,2026-01-04 23:59:00,orders_batch_1,INVALID_DATE
O000014,2026-01-06 05:56:00,C0057,P013,4,848.73,0,PromptPay,Online,2026-01-07 23:59:00,orders_batch_1,INVALID_DATE
O000015,2026-01-08 02:14:00,C0126,P009,6,192.56,10,Bank Transfer,Store,2026-01-09 23:59:00,orders_batch_1,INVALID_DATE
O000016,2026-03-18 14:35:00,C0018,P040,5,1472.44,0,Bank Transfer,Online,2026-03-19 23:59:00,orders_batch_1,INVALID_DATE
O000017,2026-03-04 20:53:00,C0142,P038,4,979.4,15,Credit Card,Online,2026-03-05 23:59:00,orders_batch_1,INVALID_DATE
O000018,2026-02-04 11:54:00,C0031,P048,1,211.32,0,Cash,Marketplace,2026-02-05 23:59:00,orders_batch_1,INVALID_DATE
O000019,2026-03-13 15:38:00,C0126,P045,3,1459.08,0,Bank Transfer,Store,2026-03-14 23:59:00,orders_batch_1,INVALID_DATE
O000020,2026-01-05 08:03:00,C0045,P030,4,915.53,15,Bank Transfer,Online,2026-01-06 23:59:00,orders_batch_1,INVALID_DATE
O000021,2026-01-21 22:23:00,C0019,P038,4,979.4,0,Cash,Online,2026-01-22 23:59:00,orders_batch_1,INVALID_DATE
O000022,2026-02-13 21:46:00,C0129,P031,3,599.9,10,Cash,Online,2026-02-14 23:59:00,orders_batch_1,INVALID_DATE
O000023,2026-02-18 10:31:00,C0010,P041,5,1291.92,0,Bank Transfer,Marketplace,2026-02-19 23:59:00,orders_batch_1,INVALID_DATE
O000024,2026-01-24 00:11:00,C0021,P043,4,1295.01,10,Bank Transfer,Marketplace,2026-01-25 23:59:00,orders_batch_1,INVALID_DATE
O000025,2026-01-29 18:13:00,C0081,P041,5,1291.92,15,Bank Transfer,Store,2026-01-30 23:59:00,orders_batch_1,INVALID_DATE
O000026,2026-03-03 17:53:00,C0098,P018,4,549.89,5,Credit Card,Store,2026-03-04 23:59:00,orders_batch_1,INVALID_DATE
O000027,2026-02-02 18:54:00,C0158,P017,4,1281.37,10,Cash,Online,2026-02-03 23:59:00,orders_batch_1,INVALID_DATE
O000028,2026-03-10 18:39:00,C0130,P032,1,624.66,5,Cash,Online,2026-03-11 23:59:00,orders_batch_1,INVALID_DATE
O000029,2026-02-09 14:17:00,C0100,P025,6,833.67,10,Cash,Store,2026-02-10 23:59:00,orders_batch_1,INVALID_DATE
O000030,2026-02-18 05:50:00,C0048,P012,3,855.72,0,Bank Transfer,Online,2026-02-19 23:59:00,orders_batch_1,INVALID_DATE
O000031,2026-01-16 06:06:00,C0139,P019,5,1281.45,15,Credit Card,Marketplace,2026-01-17 23:59:00,orders_batch_1,INVALID_DATE
O000032,2026-02-16 22:53:00,C0097,P011,4,616.6,0,Cash,Store,2026-02-17 23:59:00,orders_batch_1,INVALID_DATE
O000033,2026-01-25 02:50:00,C0063,P036,6,220.86,15,PromptPay,Marketplace,2026-01-26 23:59:00,orders_batch_1,INVALID_DATE
O000034,2026-01-03 05:05:00,C0143,P047,3,613.02,0,Credit Card,Store,2026-01-04 23:59:00,orders_batch_1,INVALID_DATE
O000035,2026-01-20 19:13:00,C0168,P041,3,1291.92,10,Cash,Store,2026-01-21 23:59:00,orders_batch_1,INVALID_DATE
O000036,2026-01-13 07:37:00,C0005,P002,6,204.81,0,Cash,Online,2026-01-14 23:59:00,orders_batch_1,INVALID_DATE
O000037,2026-01-10 21:06:00,C0035,P009,2,192.56,0,Credit Card,Store,2026-01-11 23:59:00,orders_batch_1,INVALID_DATE
O000038,2026-01-18 00:22:00,C0061,P045,2,1459.08,0,Bank Transfer,Marketplace,2026-01-19 23:59:00,orders_batch_1,INVALID_DATE
O000039,2026-02-03 19:41:00,C0067,P044,6,766,15,PromptPay,Online,2026-02-04 23:59:00,orders_batch_1,INVALID_DATE
O000040,2026-02-27 02:25:00,C0045,P010,3,1366.97,10,PromptPay,Store,2026-02-28 23:59:00,orders_batch_1,INVALID_DATE
O000041,2026-01-05 13:24:00,C0046,P023,5,784.71,5,PromptPay,Marketplace,2026-01-06 23:59:00,orders_batch_1,INVALID_DATE
O000042,2026-02-16 00:15:00,C0028,P011,4,616.6,0,PromptPay,Online,2026-02-17 23:59:00,orders_batch_1,INVALID_DATE
O000043,2026-02-17 23:39:00,C0051,P005,6,649.9,0,PromptPay,Marketplace,2026-02-18 23:59:00,orders_batch_1,INVALID_DATE
O000044,2026-01-12 16:44:00,C0159,P035,5,997.99,15,PromptPay,Store,2026-01-13 23:59:00,orders_batch_1,INVALID_DATE
O000045,2026-03-15 00:28:00,C0132,P043,5,1295.01,15,Credit Card,Online,2026-03-16 23:59:00,orders_batch_1,INVALID_DATE
O000046,2026-02-12 10:13:00,C0120,P012,2,855.72,0,Credit Card,Store,2026-02-13 23:59:00,orders_batch_1,INVALID_DATE
O000047,2026-01-04 00:08:00,C0016,P012,3,855.72,0,Credit Card,Store,2026-01-05 23:59:00,orders_batch_1,INVALID_DATE
O000048,2026-02-04 19:07:00,C0042,P042,3,733.19,5,Credit Card,Online,2026-02-05 23:59:00,orders_batch_1,INVALID_DATE
O000049,2026-01-17 14:11:00,C0177,P041,4,1291.92,5,PromptPay,Online,2026-01-18 23:59:00,orders_batch_1,INVALID_DATE
O000050,2026-02-21 17:25:00,C0094,P004,4,1451.77,5,Credit Card,Online,2026-02-22 23:59:00,orders_batch_1,INVALID_DATE
O000051,2026-03-03 11:18:00,C0120,P004,6,1451.77,5,Credit Card,Store,2026-03-04 23:59:00,orders_batch_1,INVALID_DATE
O000052,2026-03-15 15:33:00,C0012,P014,2,358.74,0,Bank Transfer,Marketplace,2026-03-16 23:59:00,orders_batch_1,INVALID_DATE
O000053,2026-01-01 21:14:00,C0147,P008,4,292.37,0,Cash,Online,2026-01-02 23:59:00,orders_batch_1,INVALID_DATE
O000054,2026-03-06 15:56:00,C0115,P034,2,530.09,5,Cash,Store,2026-03-07 23:59:00,orders_batch_1,INVALID_DATE
O000055,2026-03-21 09:23:00,C0133,P024,1,241.87,0,PromptPay,Marketplace,2026-03-22 23:59:00,orders_batch_1,INVALID_DATE
O000056,2026-01-17 09:13:00,C0063,P040,6,1472.44,0,PromptPay,Store,2026-01-18 23:59:00,orders_batch_1,INVALID_DATE
O000057,2026-02-10 22:10:00,C0080,P005,5,649.9,0,Credit Card,Online,2026-02-11 23:59:00,orders_batch_1,INVALID_DATE
O000058,2026-02-27 23:57:00,C0069,P034,5,530.09,0,Bank Transfer,Store,2026-02-28 23:59:00,orders_batch_1,INVALID_DATE
O000059,2026-02-08 10:56:00,C0095,P024,2,241.87,5,Credit Card,Marketplace,2026-02-09 23:59:00,orders_batch_1,INVALID_DATE
O000060,2026-01-10 23:53:00,C0029,P012,6,855.72,10,Credit Card,Store,2026-01-11 23:59:00,orders_batch_1,INVALID_DATE
O000061,2026-02-01 02:45:00,C0156,P026,2,1185.43,0,Cash,Store,2026-02-02 23:59:00,orders_batch_1,INVALID_DATE
O000062,2026-03-07 09:22:00,C0067,P012,1,855.72,0,Credit Card,Marketplace,2026-03-08 23:59:00,orders_batch_1,INVALID_DATE
O000063,2026-01-23 14:28:00,C0016,P024,3,241.87,15,PromptPay,Online,2026-01-24 23:59:00,orders_batch_1,INVALID_DATE
O000064,2026-01-02 19:01:00,C0086,P038,4,979.4,10,Credit Card,Store,2026-01-03 23:59:00,orders_batch_1,INVALID_DATE
O000065,2026-02-04 04:59:00,C0135,P040,4,1472.44,0,Bank Transfer,Marketplace,2026-02-05 23:59:00,orders_batch_1,INVALID_DATE
O000066,2026-01-30 05:53:00,C0103,P008,2,292.37,15,Cash,Online,2026-01-31 23:59:00,orders_batch_1,INVALID_DATE
O000067,2026-01-02 02:47:00,C0167,P033,1,654.4,15,Credit Card,Online,2026-01-03 23:59:00,orders_batch_1,INVALID_DATE
O000068,2026-01-25 03:06:00,C0097,P007,4,619.54,0,PromptPay,Marketplace,2026-01-26 23:59:00,orders_batch_1,INVALID_DATE
O000069,2026-03-20 10:44:00,C0174,P016,5,878.59,0,Cash,Marketplace,2026-03-21 23:59:00,orders_batch_1,INVALID_DATE
O000070,2026-02-09 16:21:00,C0119,P033,4,654.4,5,Cash,Marketplace,2026-02-10 23:59:00,orders_batch_1,INVALID_DATE
O000071,2026-03-21 16:31:00,C0153,P002,5,204.81,0,Bank Transfer,Online,2026-03-22 23:59:00,orders_batch_1,INVALID_DATE
O000072,2026-03-13 07:50:00,C0169,P024,2,241.87,15,PromptPay,Store,2026-03-14 23:59:00,orders_batch_1,INVALID_DATE
O000073,2026-01-17 23:13:00,C0074,P012,4,855.72,0,Credit Card,Marketplace,2026-01-18 23:59:00,orders_batch_1,INVALID_DATE
O000074,2026-01-18 04:47:00,C0155,P003,4,344.85,0,Bank Transfer,Online,2026-01-19 23:59:00,orders_batch_1,INVALID_DATE
O000075,2026-02-12 07:26:00,C0016,P034,2,530.09,5,Cash,Marketplace,2026-02-13 23:59:00,orders_batch_1,INVALID_DATE
O000076,2026-01-09 13:14:00,C0134,P004,6,1451.77,0,Bank Transfer,Marketplace,2026-01-10 23:59:00,orders_batch_1,INVALID_DATE
O000077,2026-01-19 04:36:00,C0145,P042,4,733.19,0,Bank Transfer,Marketplace,2026-01-20 23:59:00,orders_batch_1,INVALID_DATE
O000078,2026-03-09 10:55:00,C0125,P007,2,619.54,5,PromptPay,Marketplace,2026-03-10 23:59:00,orders_batch_1,INVALID_DATE
O000079,2026-02-04 09:57:00,C0040,P040,1,1472.44,0,Bank Transfer,Online,2026-02-05 23:59:00,orders_batch_1,INVALID_DATE
O000080,2026-01-16 21:43:00,C0044,P020,4,62.79,0,Cash,Online,2026-01-17 23:59:00,orders_batch_1,INVALID_DATE
O000081,2026-02-12 02:23:00,C0096,P036,3,220.86,0,Bank Transfer,Online,2026-02-13 23:59:00,orders_batch_1,INVALID_DATE
O000082,2026-01-27 21:37:00,C0061,P022,6,840.27,5,Cash,Store,2026-01-28 23:59:00,orders_batch_1,INVALID_DATE
O000083,2026-02-05 11:37:00,,P039,4,688.83,5,Cash,Online,2026-02-06 23:59:00,orders_batch_1,INVALID_DATE|CUSTOMER_NOT_FOUND
O000084,2026-01-25 20:52:00,C0021,P042,1,733.19,5,Credit Card,Store,2026-01-26 23:59:00,orders_batch_1,INVALID_DATE
O000085,2026-01-28 16:32:00,C0130,P043,4,1295.01,5,PromptPay,Online,2026-01-29 23:59:00,orders_batch_1,INVALID_DATE
O000086,2026-01-24 08:43:00,C0106,P035,4,997.99,5,PromptPay,Store,2026-01-25 23:59:00,orders_batch_1,INVALID_DATE
O000087,2026-01-16 01:34:00,C0174,P024,1,241.87,5,Bank Transfer,Marketplace,2026-01-17 23:59:00,orders_batch_1,INVALID_DATE
O000088,2026-03-11 09:05:00,C0026,P037,1,185.91,0,Bank Transfer,Marketplace,2026-03-12 23:59:00,orders_batch_1,INVALID_DATE
O000089,2026-03-04 08:25:00,C0030,P035,-2,997.99,10,Credit Card,Online,2026-03-05 23:59:00,orders_batch_1,INVALID_DATE|INVALID_QUANTITY
O000090,2026-03-18 03:12:00,C0105,P031,1,599.9,10,Cash,Online,2026-03-19 23:59:00,orders_batch_1,INVALID_DATE
O000091,2026-03-09 13:14:00,C0030,P008,4,292.37,0,Bank Transfer,Marketplace,2026-03-10 23:59:00,orders_batch_1,INVALID_DATE
O000092,2026-02-16 17:53:00,C0135,P031,3,599.9,0,Bank Transfer,Marketplace,2026-02-17 23:59:00,orders_batch_1,INVALID_DATE
O000093,2026-01-02 23:58:00,C0138,P019,5,1281.45,0,Bank Transfer,Store,2026-01-03 23:59:00,orders_batch_1,INVALID_DATE
O000094,2026-01-18 16:42:00,C0136,P008,4,292.37,10,Bank Transfer,Store,2026-01-19 23:59:00,orders_batch_1,INVALID_DATE
O000095,2026-02-05 12:49:00,C0012,P006,5,967.02,0,PromptPay,Store,2026-02-06 23:59:00,orders_batch_1,INVALID_DATE
O000096,2026-01-31 21:03:00,C0179,P022,5,840.27,15,PromptPay,Online,2026-02-01 23:59:00,orders_batch_1,INVALID_DATE
O000097,31/02/2026 10:00,C0110,P040,5,1472.44,0,Bank Transfer,Online,2026-03-03 23:59:00,orders_batch_1,INVALID_DATE
O000098,2026-02-05 20:46:00,C0129,P006,4,967.02,10,PromptPay,Store,2026-02-06 23:59:00,orders_batch_1,INVALID_DATE
O000099,2026-03-19 15:20:00,C0106,P001,3,29.67,5,Bank Transfer,Online,2026-03-20 23:59:00,orders_batch_1,INVALID_DATE
O000100,2026-01-17 06:02:00,C0142,P011,2,616.6,5,PromptPay,Marketplace,2026-01-18 23:59:00,orders_batch_1,INVALID_DATE
O000101,2026-02-28 22:40:00,C0151,P029,3,450.41,120,Credit Card,Store,2026-03-01 23:59:00,orders_batch_1,INVALID_DATE|INVALID_DISCOUNT
O000102,2026-03-11 06:16:00,C0010,P021,2,1114.51,0,Bank Transfer,Marketplace,2026-03-12 23:59:00,orders_batch_1,INVALID_DATE
O000103,2026-01-11 16:06:00,C0175,P035,1,997.99,0,Bank Transfer,Online,2026-01-12 23:59:00,orders_batch_1,INVALID_DATE
O000104,2026-02-09 20:37:00,C0083,P006,5,967.02,0,Cash,Marketplace,2026-02-10 23:59:00,orders_batch_1,INVALID_DATE
O000105,2026-01-06 08:51:00,C0161,P018,4,549.89,15,Bank Transfer,Online,2026-01-07 23:59:00,orders_batch_1,INVALID_DATE
O000106,2026-02-16 09:01:00,C0033,P026,1,1185.43,15,PromptPay,Marketplace,2026-02-17 23:59:00,orders_batch_1,INVALID_DATE
O000107,2026-03-03 15:13:00,C0130,P999,1,766,15,PromptPay,Store,2026-03-04 23:59:00,orders_batch_1,INVALID_DATE|PRODUCT_NOT_FOUND
O000108,2026-02-07 17:15:00,C0180,P042,2,733.19,5,Credit Card,Marketplace,2026-02-08 23:59:00,orders_batch_1,INVALID_DATE
O000109,2026-02-23 19:25:00,C0164,P023,1,784.71,0,credit card,Store,2026-02-24 23:59:00,orders_batch_1,INVALID_DATE
O000110,2026-02-16 04:32:00,C0140,P029,4,450.41,0,Cash,Online,2026-02-17 23:59:00,orders_batch_1,INVALID_DATE
O000111,2026-01-26 19:08:00,C0064,P034,2,530.09,0,Credit Card,Online,2026-01-27 23:59:00,orders_batch_1,INVALID_DATE
O000112,2026-03-15 23:47:00,C0089,P008,3,292.37,15,Credit Card,Online,2026-03-16 23:59:00,orders_batch_1,INVALID_DATE
O000113,2026-01-03 03:35:00,C0039,P011,three,616.6,0,PromptPay,Marketplace,2026-01-04 23:59:00,orders_batch_1,INVALID_DATE|INVALID_QUANTITY
O000114,2026-01-19 06:19:00,C0075,P037,6,185.91,10,Credit Card,Store,2026-01-20 23:59:00,orders_batch_1,INVALID_DATE
O000115,2026-02-11 11:36:00,C0124,P028,2,386.57,10,Bank Transfer,Online,2026-02-12 23:59:00,orders_batch_1,INVALID_DATE
O000116,2026-03-16 04:48:00,C0122,P029,6,450.41,5,Cash,Online,2026-03-17 23:59:00,orders_batch_1,INVALID_DATE
O000117,2026-01-10 19:16:00,C0050,P020,4,62.79,0,Bank Transfer,Store,2026-01-11 23:59:00,orders_batch_1,INVALID_DATE
O000118,2026-01-24 08:06:00,C0081,P029,3,450.41,0,Credit Card,Online,2026-01-25 23:59:00,orders_batch_1,INVALID_DATE
O000119,2026-02-17 04:23:00,C0085,P035,6,997.99,15,Cash,Online,2026-02-18 23:59:00,orders_batch_1,INVALID_DATE
O000120,2026-02-25 02:15:00,C0112,P001,6,29.67,0,PromptPay,Marketplace,2026-02-26 23:59:00,orders_batch_1,INVALID_DATE
O000121,2026-01-12 11:51:00,C0094,P042,3,733.19,10,PromptPay,Store,2026-01-13 23:59:00,orders_batch_1,INVALID_DATE
O000122,2026-01-18 12:18:00,C0047,P003,3,344.85,0,Credit Card,Online,2026-01-19 23:59:00,orders_batch_1,INVALID_DATE
O000123,2026-02-06 09:45:00,C0102,P037,4,185.91,0,Credit Card,Marketplace,2026-02-07 23:59:00,orders_batch_1,INVALID_DATE
O000124,2026-02-10 05:20:00,C0155,P014,4,358.74,0,Cash,Marketplace,2026-02-11 23:59:00,orders_batch_1,INVALID_DATE
O000125,2026-02-10 04:14:00,C0161,P011,5,616.6,0,Bank Transfer,Store,2026-02-11 23:59:00,orders_batch_1,INVALID_DATE
O000126,2026-02-02 22:01:00,C0073,P010,3,1366.97,15,Cash,Marketplace,2026-02-03 23:59:00,orders_batch_1,INVALID_DATE
O000127,2026-02-14 13:29:00,C0009,P038,1,THB 979.4,0,Credit Card,Marketplace,2026-02-15 23:59:00,orders_batch_1,INVALID_DATE|INVALID_UNIT_PRICE
O000128,2026-02-03 08:05:00,C0110,P012,5,855.72,10,Credit Card,Store,2026-02-04 23:59:00,orders_batch_1,INVALID_DATE
O000129,2026-01-10 22:52:00,C0017,P042,6,733.19,5,Bank Transfer,Marketplace,2026-01-11 23:59:00,orders_batch_1,INVALID_DATE
O000130,2026-02-20 09:50:00,C0047,P005,3,649.9,0,Credit Card,Store,2026-02-21 23:59:00,orders_batch_1,INVALID_DATE
O000131,not-a-date,C0152,P037,1,185.91,5,Bank Transfer,Marketplace,2026-02-17 23:59:00,orders_batch_1,INVALID_DATE
O000132,2026-01-26 01:36:00,C0153,P048,3,211.32,0,Credit Card,Marketplace,2026-01-27 23:59:00,orders_batch_1,INVALID_DATE
O000133,2026-03-17 13:42:00,C0140,P024,6,241.87,5,Cash,Marketplace,2026-03-18 23:59:00,orders_batch_1,INVALID_DATE
O000134,2026-03-14 02:04:00,C0043,P041,6,1291.92,0,Bank Transfer,Online,2026-03-15 23:59:00,orders_batch_1,INVALID_DATE
O000135,2026-01-20 15:54:00,C0144,P046,3,187.09,0,PromptPay,Store,2026-01-21 23:59:00,orders_batch_1,INVALID_DATE
O000136,2026-01-24 06:13:00,C0065,P046,4,187.09,0,PromptPay,Marketplace,2026-01-25 23:59:00,orders_batch_1,INVALID_DATE
O000137,2026-02-05 11:07:00,C0046,P028,3,386.57,0,Credit Card,E-Commerce,2026-02-06 23:59:00,orders_batch_1,INVALID_DATE
O000138,2026-01-28 03:08:00,C0126,P019,4,1281.45,0,Credit Card,Online,2026-01-29 23:59:00,orders_batch_1,INVALID_DATE
O000139,2026-02-03 21:12:00,C0072,P039,4,,5,Cash,Online,2026-02-04 23:59:00,orders_batch_1,INVALID_DATE|INVALID_UNIT_PRICE
O000140,2026-02-08 23:05:00,C0009,P008,2,292.37,15,PromptPay,Online,2026-02-09 23:59:00,orders_batch_1,INVALID_DATE
O000141,2026-01-27 18:20:00,C0080,P010,3,1366.97,0,Credit Card,Store,2026-01-28 23:59:00,orders_batch_1,INVALID_DATE
O000142,2026-03-09 19:24:00,C0002,P040,6,1472.44,0,Bank Transfer,Store,2026-03-10 23:59:00,orders_batch_1,INVALID_DATE
O000143,2026-03-06 07:26:00,C0072,P036,1,220.86,5,Credit Card,Store,2026-03-07 23:59:00,orders_batch_1,INVALID_DATE
O000144,2026-03-21 19:40:00,C0028,P048,1,211.32,10,Bank Transfer,Marketplace,2026-03-22 23:59:00,orders_batch_1,INVALID_DATE
O000145,2026-02-18 23:48:00,C0013,P014,3,358.74,0,Cash,Marketplace,2026-02-19 23:59:00,orders_batch_1,INVALID_DATE
O000146,2026-03-10 14:22:00,C0092,P020,5,62.79,0,PromptPay,Store,2026-03-11 23:59:00,orders_batch_1,INVALID_DATE
O000147,2026-03-08 17:45:00,C0018,P013,1,848.73,0,Credit Card,Marketplace,2026-03-09 23:59:00,orders_batch_1,INVALID_DATE
O000148,2026-02-07 18:25:00,C0022,P007,2,619.54,15,PromptPay,Store,2026-02-08 23:59:00,orders_batch_1,INVALID_DATE
O000149,2026-01-08 12:33:00,C9999,P039,4,688.83,10,PromptPay,Marketplace,2026-01-09 23:59:00,orders_batch_1,INVALID_DATE|CUSTOMER_NOT_FOUND
O000150,2026-01-10 11:29:00,C0052,P009,5,192.56,0,Credit Card,Store,2026-01-11 23:59:00,orders_batch_1,INVALID_DATE
O000151,2026-01-10 07:57:00,C0024,P033,3,654.4,15,Bank Transfer,Store,2026-01-11 23:59:00,orders_batch_1,INVALID_DATE
O000152,2026-01-25 20:35:00,C0044,P025,4,833.67,0,Credit Card,Marketplace,2026-01-26 23:59:00,orders_batch_1,INVALID_DATE
O000153,2026-03-02 18:44:00,C0032,P020,4,62.79,0,Credit Card,Online,2026-03-03 23:59:00,orders_batch_1,INVALID_DATE
O000154,2026-02-14 04:28:00,C0174,P005,2,649.9,10,PromptPay,Marketplace,2026-02-15 23:59:00,orders_batch_1,INVALID_DATE
O000155,2026-01-06 04:27:00,C0161,P029,3,450.41,5,PromptPay,Store,2026-01-07 23:59:00,orders_batch_1,INVALID_DATE
O000156,2026-02-18 07:39:00,C0079,P022,3,840.27,15,Credit Card,Store,2026-02-19 23:59:00,orders_batch_1,INVALID_DATE
O000157,2026-02-03 23:31:00,C0163,P016,6,878.59,5,Bank Transfer,Store,2026-02-04 23:59:00,orders_batch_1,INVALID_DATE
O000158,2026-02-12 23:19:00,C0002,P001,1,29.67,5,Credit Card,Marketplace,2026-02-13 23:59:00,orders_batch_1,INVALID_DATE
O000159,2026-02-04 14:06:00,C0002,P016,5,878.59,10,Cash,Marketplace,2026-02-05 23:59:00,orders_batch_1,INVALID_DATE
O000160,2026-02-19 04:12:00,C0121,P015,2,320.33,10,Credit Card,Online,2026-02-20 23:59:00,orders_batch_1,INVALID_DATE
O000161,2026-01-02 14:04:00,C0112,P019,3,1281.45,5,PromptPay,Online,2026-01-03 23:59:00,orders_batch_1,INVALID_DATE
O000162,2026-01-11 12:14:00,C0033,P008,3,292.37,0,Credit Card,Online,2026-01-12 23:59:00,orders_batch_1,INVALID_DATE
O000163,2026-02-19 05:51:00,C0092,P016,5,878.59,0,PromptPay,Online,2026-02-20 23:59:00,orders_batch_1,INVALID_DATE
O000164,2026-01-04 23:11:00,C0158,P025,6,833.67,0,PromptPay,Store,2026-01-05 23:59:00,orders_batch_1,INVALID_DATE
O000165,2026-01-05 05:46:00,C0045,P005,4,649.9,10,Cash,Online,2026-01-06 23:59:00,orders_batch_1,INVALID_DATE
O000166,2026-01-18 04:01:00,,P027,4,817.79,10,PromptPay,Online,2026-01-19 23:59:00,orders_batch_1,INVALID_DATE|CUSTOMER_NOT_FOUND
O000167,2026-01-20 09:09:00,C0094,P015,5,320.33,5,Bank Transfer,Online,2026-01-21 23:59:00,orders_batch_1,INVALID_DATE
O000168,2026-01-21 04:29:00,C0089,P024,5,241.87,15,Bank Transfer,Marketplace,2026-01-22 23:59:00,orders_batch_1,INVALID_DATE
O000169,2026-01-26 21:16:00,C0143,P025,2,833.67,0,PromptPay,Online,2026-01-27 23:59:00,orders_batch_1,INVALID_DATE
O000170,2026-02-05 17:54:00,C0079,P032,5,624.66,5,Cash,Online,2026-02-06 23:59:00,orders_batch_1,INVALID_DATE
O000171,2026-01-28 03:35:00,C0132,P024,3,241.87,10,Credit Card,Online,2026-01-29 23:59:00,orders_batch_1,INVALID_DATE
O000172,2026-03-07 14:44:00,C0159,P046,1,187.09,15,Cash,Store,2026-03-08 23:59:00,orders_batch_1,INVALID_DATE
O000173,2026-02-25 03:22:00,C0148,P029,3,450.41,0,PromptPay,Marketplace,2026-02-26 23:59:00,orders_batch_1,INVALID_DATE
O000174,2026-01-30 12:40:00,C0033,P024,1,241.87,0,Bank Transfer,Store,2026-01-31 23:59:00,orders_batch_1,INVALID_DATE
O000175,2026-01-02 01:48:00,C0162,P005,1,649.9,0,PromptPay,Online,2026-01-03 23:59:00,orders_batch_1,INVALID_DATE
O000176,2026-02-08 00:38:00,C0045,P041,4,1291.92,10,Credit Card,Marketplace,2026-02-09 23:59:00,orders_batch_1,INVALID_DATE
O000177,2026-03-07 06:53:00,C0074,P016,3,878.59,0,Bank Transfer,Store,2026-03-08 23:59:00,orders_batch_1,INVALID_DATE
O000178,2026-02-16 01:47:00,C0061,P026,-2,1185.43,0,PromptPay,Marketplace,2026-02-17 23:59:00,orders_batch_1,INVALID_DATE|INVALID_QUANTITY
O000179,2026-02-13 04:06:00,C0031,P011,2,616.6,10,Cash,Store,2026-02-14 23:59:00,orders_batch_1,INVALID_DATE
O000180,2026-02-13 19:57:00,C0160,P024,2,241.87,10,Cash,Marketplace,2026-02-14 23:59:00,orders_batch_1,INVALID_DATE
O000181,2026-03-15 19:38:00,C0124,P031,5,599.9,0,Credit Card,Store,2026-03-16 23:59:00,orders_batch_1,INVALID_DATE
O000182,2026-01-17 10:30:00,C0071,P018,5,549.89,0,Cash,Store,2026-01-18 23:59:00,orders_batch_1,INVALID_DATE
O000183,2026-01-14 22:07:00,C0175,P030,4,915.53,0,Bank Transfer,Online,2026-01-15 23:59:00,orders_batch_1,INVALID_DATE
O000184,2026-02-10 04:27:00,C0142,P041,6,1291.92,15,Cash,Marketplace,2026-02-11 23:59:00,orders_batch_1,INVALID_DATE
O000185,2026-03-12 13:46:00,C0105,P009,4,192.56,10,Credit Card,Store,2026-03-13 23:59:00,orders_batch_1,INVALID_DATE
O000186,2026-01-28 05:30:00,C0128,P007,1,619.54,15,Bank Transfer,Marketplace,2026-01-29 23:59:00,orders_batch_1,INVALID_DATE
O000187,2026-01-15 07:19:00,C0125,P046,3,187.09,0,PromptPay,Marketplace,2026-01-16 23:59:00,orders_batch_1,INVALID_DATE
O000188,2026-01-05 03:55:00,C0002,P016,4,878.59,0,Bank Transfer,Online,2026-01-06 23:59:00,orders_batch_1,INVALID_DATE
O000189,2026-02-25 20:26:00,C0086,P048,4,211.32,0,PromptPay,Marketplace,2026-02-26 23:59:00,orders_batch_1,INVALID_DATE
O000190,2026-01-30 20:24:00,C0174,P040,4,1472.44,0,PromptPay,Marketplace,2026-01-31 23:59:00,orders_batch_1,INVALID_DATE
O000191,2026-03-19 19:31:00,C0102,P033,5,654.4,0,Bank Transfer,Marketplace,2026-03-20 23:59:00,orders_batch_1,INVALID_DATE
O000192,2026-01-15 01:25:00,C0064,P047,3,613.02,10,Cash,Online,2026-01-16 23:59:00,orders_batch_1,INVALID_DATE
O000193,2026-02-14 22:56:00,C0159,P011,4,616.6,10,PromptPay,Marketplace,2026-02-15 23:59:00,orders_batch_1,INVALID_DATE
O000194,31/02/2026 10:00,C0075,P003,3,344.85,10,Cash,Online,2026-03-20 23:59:00,orders_batch_1,INVALID_DATE
O000195,2026-01-06 13:25:00,C0055,P024,4,241.87,0,PromptPay,Marketplace,2026-01-07 23:59:00,orders_batch_1,INVALID_DATE
O000196,2026-02-26 10:22:00,C0019,P013,4,848.73,0,PromptPay,Store,2026-02-27 23:59:00,orders_batch_1,INVALID_DATE
O000197,2026-02-04 08:57:00,C0046,P004,5,1451.77,0,Cash,Marketplace,2026-02-05 23:59:00,orders_batch_1,INVALID_DATE
O000198,2026-02-13 04:43:00,C0164,P009,2,192.56,0,Bank Transfer,Store,2026-02-14 23:59:00,orders_batch_1,INVALID_DATE
O000199,2026-02-14 12:52:00,C0087,P007,3,619.54,5,PromptPay,Store,2026-02-15 23:59:00,orders_batch_1,INVALID_DATE
O000200,2026-02-13 15:44:00,C0012,P043,3,1295.01,5,Credit Card,Store,2026-02-14 23:59:00,orders_batch_1,INVALID_DATE
O000201,2026-03-03 05:54:00,C0104,P029,3,450.41,0,Cash,Marketplace,2026-03-04 23:59:00,orders_batch_1,INVALID_DATE
O000202,2026-01-15 10:38:00,C0161,P031,3,599.9,120,Credit Card,Online,2026-01-16 23:59:00,orders_batch_1,INVALID_DATE|INVALID_DISCOUNT
O000203,2026-01-15 13:38:00,C0127,P045,2,1459.08,10,Credit Card,Online,2026-01-16 23:59:00,orders_batch_1,INVALID_DATE
O000204,2026-02-20 08:55:00,C0012,P007,6,619.54,0,Cash,Store,2026-02-21 23:59:00,orders_batch_1,INVALID_DATE
O000205,2026-02-22 05:12:00,C0086,P012,6,855.72,0,Credit Card,Marketplace,2026-02-23 23:59:00,orders_batch_1,INVALID_DATE
O000206,2026-02-05 15:20:00,C0142,P042,1,733.19,0,PromptPay,Marketplace,2026-02-06 23:59:00,orders_batch_1,INVALID_DATE
O000207,2026-01-06 16:31:00,C0007,P004,2,1451.77,10,PromptPay,Online,2026-01-07 23:59:00,orders_batch_1,INVALID_DATE
O000208,2026-01-14 22:56:00,C0111,P043,5,1295.01,10,PromptPay,Online,2026-01-15 23:59:00,orders_batch_1,INVALID_DATE
O000209,2026-03-11 04:37:00,C0145,P003,5,344.85,0,Bank Transfer,Marketplace,2026-03-12 23:59:00,orders_batch_1,INVALID_DATE
O000210,2026-02-16 03:35:00,C0098,P003,5,344.85,10,Cash,Marketplace,2026-02-17 23:59:00,orders_batch_1,INVALID_DATE
O000211,2026-01-03 05:13:00,C0056,P013,6,848.73,10,Bank Transfer,Online,2026-01-04 23:59:00,orders_batch_1,INVALID_DATE
O000212,2026-02-28 13:51:00,C0089,P003,2,344.85,0,Credit Card,Online,2026-03-01 23:59:00,orders_batch_1,INVALID_DATE
O000213,2026-01-11 06:57:00,C0006,P008,5,292.37,15,Bank Transfer,Online,2026-01-12 23:59:00,orders_batch_1,INVALID_DATE
O000214,2026-01-04 07:12:00,C0043,P999,6,1451.77,0,PromptPay,Store,2026-01-05 23:59:00,orders_batch_1,INVALID_DATE|PRODUCT_NOT_FOUND
O000215,2026-02-27 05:31:00,C0026,P023,3,784.71,15,Credit Card,Store,2026-02-28 23:59:00,orders_batch_1,INVALID_DATE
O000216,2026-01-27 23:37:00,C0065,P011,6,616.6,15,Bank Transfer,Marketplace,2026-01-28 23:59:00,orders_batch_1,INVALID_DATE
O000217,2026-03-16 04:59:00,C0167,P036,5,220.86,0,PromptPay,Store,2026-03-17 23:59:00,orders_batch_1,INVALID_DATE
O000218,2026-01-24 14:46:00,C0171,P044,2,766,0,promptpay,Store,2026-01-25 23:59:00,orders_batch_1,INVALID_DATE
O000219,2026-01-07 03:20:00,C0163,P003,2,344.85,0,PromptPay,Marketplace,2026-01-08 23:59:00,orders_batch_1,INVALID_DATE
O000220,2026-02-09 12:57:00,C0123,P047,1,613.02,15,Cash,Online,2026-02-10 23:59:00,orders_batch_1,INVALID_DATE
O000221,2026-02-20 08:13:00,C0054,P030,6,915.53,0,Credit Card,Marketplace,2026-02-21 23:59:00,orders_batch_1,INVALID_DATE
O000222,2026-01-19 19:57:00,C0066,P018,1,549.89,5,Credit Card,Marketplace,2026-01-20 23:59:00,orders_batch_1,INVALID_DATE
O000223,2026-01-03 17:52:00,C0174,P001,4,29.67,10,Cash,Store,2026-01-04 23:59:00,orders_batch_1,INVALID_DATE
O000224,2026-03-19 12:43:00,C0119,P033,6,654.4,5,Bank Transfer,Marketplace,2026-03-20 23:59:00,orders_batch_1,INVALID_DATE
O000225,2026-02-11 22:56:00,C0151,P022,1,840.27,0,Cash,Marketplace,2026-02-12 23:59:00,orders_batch_1,INVALID_DATE
O000226,2026-03-21 10:12:00,C0153,P017,three,1281.37,0,Bank Transfer,Online,2026-03-22 23:59:00,orders_batch_1,INVALID_DATE|INVALID_QUANTITY
O000227,2026-01-18 17:04:00,C0149,P028,4,386.57,0,Cash,Online,2026-01-19 23:59:00,orders_batch_1,INVALID_DATE
O000228,2026-02-20 23:58:00,C0151,P004,4,1451.77,0,Cash,Online,2026-02-21 23:59:00,orders_batch_1,INVALID_DATE
O000229,2026-01-25 07:28:00,C0051,P032,3,624.66,0,PromptPay,Store,2026-01-26 23:59:00,orders_batch_1,INVALID_DATE
O000230,2026-02-22 09:04:00,C0155,P019,3,1281.45,15,PromptPay,Online,2026-02-23 23:59:00,orders_batch_1,INVALID_DATE
O000231,2026-01-13 09:47:00,C0029,P025,2,833.67,5,Credit Card,Online,2026-01-14 23:59:00,orders_batch_1,INVALID_DATE
O000232,2026-02-13 19:44:00,C0107,P045,3,1459.08,5,Bank Transfer,Store,2026-02-14 23:59:00,orders_batch_1,INVALID_DATE
O000233,2026-01-03 00:02:00,C0080,P005,1,649.9,15,Bank Transfer,Marketplace,2026-01-04 23:59:00,orders_batch_1,INVALID_DATE
O000234,2026-01-16 09:16:00,C0179,P043,4,1295.01,15,Credit Card,Store,2026-01-17 23:59:00,orders_batch_1,INVALID_DATE
O000235,2026-01-29 07:35:00,C0128,P004,6,1451.77,0,Credit Card,Marketplace,2026-01-30 23:59:00,orders_batch_1,INVALID_DATE
O000236,2026-02-13 11:02:00,C0132,P023,6,784.71,10,PromptPay,Online,2026-02-14 23:59:00,orders_batch_1,INVALID_DATE
O000237,2026-02-08 11:09:00,C0154,P041,4,1291.92,10,Credit Card,Store,2026-02-09 23:59:00,orders_batch_1,INVALID_DATE
O000238,2026-03-16 17:13:00,C0005,P030,6,915.53,0,Credit Card,Marketplace,2026-03-17 23:59:00,orders_batch_1,INVALID_DATE
O000239,2026-01-08 04:05:00,C0116,P011,1,616.6,5,PromptPay,Online,2026-01-09 23:59:00,orders_batch_1,INVALID_DATE
O000240,2026-02-14 16:47:00,C0165,P019,3,1281.45,0,Bank Transfer,Store,2026-02-15 23:59:00,orders_batch_1,INVALID_DATE
O000241,2026-02-15 07:40:00,C0018,P024,4,241.87,0,Credit Card,Store,2026-02-16 23:59:00,orders_batch_1,INVALID_DATE
O000242,2026-03-13 19:53:00,C0136,P032,6,624.66,0,Bank Transfer,Marketplace,2026-03-14 23:59:00,orders_batch_1,INVALID_DATE
O000243,2026-03-18 00:10:00,C0146,P032,4,624.66,0,Cash,Store,2026-03-19 23:59:00,orders_batch_1,INVALID_DATE
O000244,2026-02-13 05:45:00,C0099,P031,1,599.9,0,Credit Card,Store,2026-02-14 23:59:00,orders_batch_1,INVALID_DATE
O000245,2026-01-13 06:00:00,C0176,P005,5,649.9,5,Bank Transfer,Marketplace,2026-01-14 23:59:00,orders_batch_1,INVALID_DATE
O000246,2026-01-19 01:53:00,C0094,P011,1,616.6,0,Cash,Marketplace,2026-01-20 23:59:00,orders_batch_1,INVALID_DATE
O000247,2026-01-16 07:34:00,C0170,P043,4,1295.01,5,Credit Card,Marketplace,2026-01-17 23:59:00,orders_batch_1,INVALID_DATE
O000248,2026-03-21 09:22:00,C0072,P026,6,1185.43,15,PromptPay,Marketplace,2026-03-22 23:59:00,orders_batch_1,INVALID_DATE
O000249,2026-02-07 21:50:00,,P025,5,833.67,15,Credit Card,Online,2026-02-08 23:59:00,orders_batch_1,INVALID_DATE|CUSTOMER_NOT_FOUND
O000250,2026-02-06 02:14:00,C0108,P016,6,878.59,15,PromptPay,Marketplace,2026-02-07 23:59:00,orders_batch_1,INVALID_DATE
O000251,2026-03-04 05:30:00,C0157,P004,5,1451.77,0,Credit Card,Store,2026-03-05 23:59:00,orders_batch_1,INVALID_DATE
O000252,2026-03-20 19:16:00,C0023,P018,6,549.89,5,Cash,Online,2026-03-21 23:59:00,orders_batch_1,INVALID_DATE
O000253,2026-03-19 09:47:00,C0012,P035,5,997.99,10,Bank Transfer,Marketplace,2026-03-20 23:59:00,orders_batch_1,INVALID_DATE
O000254,2026-01-04 03:25:00,C0002,P043,6,THB 1295.01,15,PromptPay,Online,2026-01-05 23:59:00,orders_batch_1,INVALID_DATE|INVALID_UNIT_PRICE
O000255,2026-02-13 04:34:00,C0020,P036,2,220.86,0,Cash,Online,2026-02-14 23:59:00,orders_batch_1,INVALID_DATE
O000256,2026-02-17 18:00:00,C0076,P001,4,29.67,0,PromptPay,Online,2026-02-18 23:59:00,orders_batch_1,INVALID_DATE
O000257,2026-01-25 05:24:00,C0128,P026,3,1185.43,5,Bank Transfer,Marketplace,2026-01-26 23:59:00,orders_batch_1,INVALID_DATE
O000258,2026-03-13 11:31:00,C0058,P017,1,1281.37,0,Bank Transfer,Online,2026-03-14 23:59:00,orders_batch_1,INVALID_DATE
O000259,2026-02-19 07:55:00,C0103,P015,2,320.33,0,Bank Transfer,Marketplace,2026-02-20 23:59:00,orders_batch_1,INVALID_DATE
O000260,2026-01-05 00:59:00,C0085,P011,5,616.6,10,Bank Transfer,Store,2026-01-06 23:59:00,orders_batch_1,INVALID_DATE
O000261,2026-03-05 23:41:00,C0067,P032,4,624.66,10,Bank Transfer,Store,2026-03-06 23:59:00,orders_batch_1,INVALID_DATE
O000262,not-a-date,C0097,P044,5,766,0,Credit Card,Store,2026-02-03 23:59:00,orders_batch_1,INVALID_DATE
O000263,2026-02-09 06:28:00,C0030,P008,5,292.37,0,Bank Transfer,Marketplace,2026-02-10 23:59:00,orders_batch_1,INVALID_DATE
O000264,2026-03-08 05:44:00,C0167,P005,1,649.9,15,Bank Transfer,Marketplace,2026-03-09 23:59:00,orders_batch_1,INVALID_DATE
O000265,2026-02-08 19:02:00,C0179,P004,3,1451.77,0,Bank Transfer,Online,2026-02-09 23:59:00,orders_batch_1,INVALID_DATE
O000266,2026-02-04 14:17:00,C0024,P012,3,855.72,15,Cash,Marketplace,2026-02-05 23:59:00,orders_batch_1,INVALID_DATE
O000267,2026-01-02 16:42:00,C0095,P042,-2,733.19,0,PromptPay,Marketplace,2026-01-03 23:59:00,orders_batch_1,INVALID_DATE|INVALID_QUANTITY
O000268,2026-02-17 18:12:00,C0110,P029,3,450.41,0,Credit Card,Online,2026-02-18 23:59:00,orders_batch_1,INVALID_DATE
O000269,2026-03-08 15:10:00,C0075,P008,5,292.37,0,Bank Transfer,Store,2026-03-09 23:59:00,orders_batch_1,INVALID_DATE
O000270,2026-01-23 09:57:00,C0143,P002,5,204.81,0,PromptPay,Online,2026-01-24 23:59:00,orders_batch_1,INVALID_DATE
O000271,2026-01-22 17:17:00,C0033,P013,3,848.73,0,Cash,Online,2026-01-23 23:59:00,orders_batch_1,INVALID_DATE
O000272,2026-03-07 03:20:00,C0117,P035,3,997.99,15,Credit Card,Online,2026-03-08 23:59:00,orders_batch_1,INVALID_DATE
O000273,2026-02-02 16:36:00,C0070,P048,6,211.32,5,Bank Transfer,Online,2026-02-03 23:59:00,orders_batch_1,INVALID_DATE
O000274,2026-01-29 07:55:00,C0097,P039,6,688.83,0,Credit Card,E-Commerce,2026-01-30 23:59:00,orders_batch_1,INVALID_DATE
O000275,2026-01-19 01:32:00,C0155,P006,2,967.02,10,PromptPay,Store,2026-01-20 23:59:00,orders_batch_1,INVALID_DATE
O000276,2026-02-08 00:31:00,C0130,P022,3,840.27,0,Credit Card,Store,2026-02-09 23:59:00,orders_batch_1,INVALID_DATE
O000277,2026-01-26 21:29:00,C0100,P041,5,1291.92,15,PromptPay,Online,2026-01-27 23:59:00,orders_batch_1,INVALID_DATE
O000278,2026-02-01 02:14:00,C0022,P035,4,,0,PromptPay,Marketplace,2026-02-02 23:59:00,orders_batch_1,INVALID_DATE|INVALID_UNIT_PRICE
O000279,2026-02-17 02:25:00,C0148,P011,6,616.6,5,Bank Transfer,Marketplace,2026-02-18 23:59:00,orders_batch_1,INVALID_DATE
O000280,2026-03-16 18:23:00,C0120,P013,6,848.73,0,Cash,Store,2026-03-17 23:59:00,orders_batch_1,INVALID_DATE
O000281,2026-01-16 22:10:00,C0015,P038,6,979.4,15,Bank Transfer,Marketplace,2026-01-17 23:59:00,orders_batch_1,INVALID_DATE
O000282,2026-01-15 11:25:00,C0006,P028,2,386.57,15,Bank Transfer,Online,2026-01-16 23:59:00,orders_batch_1,INVALID_DATE
O000283,2026-01-09 02:52:00,C0055,P009,6,192.56,0,Bank Transfer,Online,2026-01-10 23:59:00,orders_batch_1,INVALID_DATE
O000284,2026-01-05 17:05:00,C0110,P017,3,1281.37,10,Cash,Online,2026-01-06 23:59:00,orders_batch_1,INVALID_DATE
O000285,2026-03-06 23:39:00,C0092,P041,1,1291.92,10,Credit Card,Store,2026-03-07 23:59:00,orders_batch_1,INVALID_DATE
O000286,2026-01-23 08:08:00,C0072,P006,5,967.02,15,Bank Transfer,Online,2026-01-24 23:59:00,orders_batch_1,INVALID_DATE
O000287,2026-02-01 08:16:00,C0096,P021,6,1114.51,0,Credit Card,Marketplace,2026-02-02 23:59:00,orders_batch_1,INVALID_DATE
O000288,2026-01-26 19:11:00,C0054,P035,1,997.99,0,Bank Transfer,Store,2026-01-27 23:59:00,orders_batch_1,INVALID_DATE
O000289,2026-03-17 21:37:00,C0176,P011,2,616.6,10,Credit Card,Online,2026-03-18 23:59:00,orders_batch_1,INVALID_DATE
O000290,2026-01-15 19:40:00,C0114,P008,3,292.37,15,Cash,Marketplace,2026-01-16 23:59:00,orders_batch_1,INVALID_DATE
O000291,31/02/2026 10:00,C0165,P041,2,1291.92,0,Cash,Online,2026-01-06 23:59:00,orders_batch_1,INVALID_DATE
O000292,2026-01-17 02:36:00,C0085,P015,5,320.33,15,Cash,Marketplace,2026-01-18 23:59:00,orders_batch_1,INVALID_DATE
O000293,2026-03-14 01:07:00,C0008,P023,5,784.71,0,Bank Transfer,Store,2026-03-15 23:59:00,orders_batch_1,INVALID_DATE
O000294,2026-03-02 19:07:00,C0123,P019,1,1281.45,0,Cash,Store,2026-03-03 23:59:00,orders_batch_1,INVALID_DATE
O000295,2026-02-13 04:11:00,C0049,P026,4,1185.43,15,Cash,Online,2026-02-14 23:59:00,orders_batch_1,INVALID_DATE
O000296,2026-01-15 16:25:00,C0045,P020,5,62.79,10,Credit Card,Marketplace,2026-01-16 23:59:00,orders_batch_1,INVALID_DATE
O000297,2026-02-21 23:43:00,C0106,P023,6,784.71,0,PromptPay,Marketplace,2026-02-22 23:59:00,orders_batch_1,INVALID_DATE
O000298,2026-01-14 00:46:00,C9999,P037,2,185.91,10,Bank Transfer,Store,2026-01-15 23:59:00,orders_batch_1,INVALID_DATE|CUSTOMER_NOT_FOUND
O000299,2026-01-10 03:17:00,C0059,P007,1,619.54,15,Cash,Store,2026-01-11 23:59:00,orders_batch_1,INVALID_DATE
O000300,2026-01-24 15:13:00,C0180,P004,2,1451.77,0,PromptPay,Online,2026-01-25 23:59:00,orders_batch_1,INVALID_DATE
O000301,2026-03-01 13:53:00,C0116,P004,3,1451.77,10,Bank Transfer,Marketplace,2026-03-02 23:59:00,orders_batch_1,INVALID_DATE
O000302,2026-02-11 11:01:00,C0126,P042,5,733.19,15,Credit Card,Store,2026-02-12 23:59:00,orders_batch_1,INVALID_DATE
O000303,2026-03-02 22:11:00,C0137,P007,4,619.54,120,PromptPay,Online,2026-03-03 23:59:00,orders_batch_1,INVALID_DATE|INVALID_DISCOUNT
O000304,2026-03-10 22:41:00,C0024,P022,6,840.27,10,Credit Card,Marketplace,2026-03-11 23:59:00,orders_batch_1,INVALID_DATE
O000305,2026-02-09 19:51:00,C0008,P013,6,848.73,0,PromptPay,Marketplace,2026-02-10 23:59:00,orders_batch_1,INVALID_DATE
O000306,2026-02-21 09:55:00,C0073,P035,6,997.99,10,Credit Card,Online,2026-02-22 23:59:00,orders_batch_1,INVALID_DATE
O000307,2026-01-06 15:24:00,C0097,P038,1,979.4,10,Bank Transfer,Marketplace,2026-01-07 23:59:00,orders_batch_1,INVALID_DATE
O000308,2026-03-19 05:11:00,C0139,P003,6,344.85,15,Bank Transfer,Online,2026-03-20 23:59:00,orders_batch_1,INVALID_DATE
O000309,2026-03-08 20:13:00,C0055,P016,4,878.59,0,Bank Transfer,Store,2026-03-09 23:59:00,orders_batch_1,INVALID_DATE
O000310,2026-01-22 15:14:00,C0025,P027,2,817.79,15,PromptPay,Online,2026-01-23 23:59:00,orders_batch_1,INVALID_DATE
O000311,2026-02-02 06:59:00,C0063,P024,3,241.87,10,Bank Transfer,Store,2026-02-03 23:59:00,orders_batch_1,INVALID_DATE
O000312,2026-03-04 17:50:00,C0048,P028,6,386.57,0,Bank Transfer,Marketplace,2026-03-05 23:59:00,orders_batch_1,INVALID_DATE
O000313,2026-03-16 11:13:00,C0023,P029,2,450.41,0,Cash,Store,2026-03-17 23:59:00,orders_batch_1,INVALID_DATE
O000314,2026-01-15 07:27:00,C0013,P008,1,292.37,0,PromptPay,Online,2026-01-16 23:59:00,orders_batch_1,INVALID_DATE
O000315,2026-02-20 12:27:00,C0058,P022,6,840.27,0,Credit Card,Online,2026-02-21 23:59:00,orders_batch_1,INVALID_DATE
O000316,2026-02-27 15:18:00,C0174,P032,4,624.66,15,Credit Card,Online,2026-02-28 23:59:00,orders_batch_1,INVALID_DATE
O000317,2026-02-20 08:58:00,C0065,P030,3,915.53,15,PromptPay,Online,2026-02-21 23:59:00,orders_batch_1,INVALID_DATE
O000318,2026-01-02 00:14:00,C0134,P017,5,1281.37,0,Credit Card,Store,2026-01-03 23:59:00,orders_batch_1,INVALID_DATE
O000319,2026-02-11 16:55:00,C0076,P042,4,733.19,15,PromptPay,Marketplace,2026-02-12 23:59:00,orders_batch_1,INVALID_DATE
O000320,2026-01-13 10:04:00,C0140,P031,6,599.9,10,Cash,Store,2026-01-14 23:59:00,orders_batch_1,INVALID_DATE
O000321,2026-01-12 07:42:00,C0073,P999,5,624.66,10,Bank Transfer,Online,2026-01-13 23:59:00,orders_batch_1,INVALID_DATE|PRODUCT_NOT_FOUND
O000322,2026-01-16 02:13:00,C0094,P030,6,915.53,0,Credit Card,Marketplace,2026-01-17 23:59:00,orders_batch_1,INVALID_DATE
O000323,2026-02-19 00:02:00,C0025,P043,4,1295.01,0,Cash,Online,2026-02-20 23:59:00,orders_batch_1,INVALID_DATE
O000324,2026-01-18 18:14:00,C0068,P019,6,1281.45,10,Credit Card,Online,2026-01-19 23:59:00,orders_batch_1,INVALID_DATE
O000325,2026-02-15 22:23:00,C0064,P003,4,344.85,5,PromptPay,Marketplace,2026-02-16 23:59:00,orders_batch_1,INVALID_DATE
O000326,2026-02-27 17:17:00,C0043,P026,6,1185.43,10,Bank Transfer,Store,2026-02-28 23:59:00,orders_batch_1,INVALID_DATE
O000327,2026-03-07 02:00:00,C0067,P037,2,185.91,5,cash,Store,2026-03-08 23:59:00,orders_batch_1,INVALID_DATE
O000328,2026-02-15 04:53:00,C0013,P030,2,915.53,15,PromptPay,Online,2026-02-16 23:59:00,orders_batch_1,INVALID_DATE
O000329,2026-01-15 23:15:00,C0066,P002,1,204.81,0,PromptPay,Store,2026-01-16 23:59:00,orders_batch_1,INVALID_DATE
O000330,2026-01-03 09:22:00,C0066,P039,5,688.83,0,Cash,Store,2026-01-04 23:59:00,orders_batch_1,INVALID_DATE
O000331,2026-01-28 00:36:00,C0119,P036,3,220.86,10,Cash,Store,2026-01-29 23:59:00,orders_batch_1,INVALID_DATE
O000332,2026-02-18 19:38:00,,P017,4,1281.37,0,Bank Transfer,Marketplace,2026-02-19 23:59:00,orders_batch_1,INVALID_DATE|CUSTOMER_NOT_FOUND
O000333,2026-02-23 08:30:00,C0004,P024,1,241.87,0,Bank Transfer,Store,2026-02-24 23:59:00,orders_batch_1,INVALID_DATE
O000334,2026-01-20 21:43:00,C0010,P020,3,62.79,0,Bank Transfer,Marketplace,2026-01-21 23:59:00,orders_batch_1,INVALID_DATE
O000335,2026-03-01 17:05:00,C0023,P048,3,211.32,10,PromptPay,Online,2026-03-02 23:59:00,orders_batch_1,INVALID_DATE
O000336,2026-01-22 12:54:00,C0096,P014,5,358.74,5,PromptPay,Online,2026-01-23 23:59:00,orders_batch_1,INVALID_DATE
O000337,2026-02-17 14:45:00,C0127,P015,1,320.33,0,Bank Transfer,Online,2026-02-18 23:59:00,orders_batch_1,INVALID_DATE
O000338,2026-01-22 02:17:00,C0150,P018,1,549.89,15,Credit Card,Store,2026-01-23 23:59:00,orders_batch_1,INVALID_DATE
O000339,2026-03-15 12:23:00,C0146,P014,three,358.74,0,Credit Card,Online,2026-03-16 23:59:00,orders_batch_1,INVALID_DATE|INVALID_QUANTITY
O000340,2026-02-01 03:01:00,C0096,P021,6,1114.51,0,PromptPay,Online,2026-02-02 23:59:00,orders_batch_1,INVALID_DATE
O000341,2026-03-05 16:11:00,C0053,P001,1,29.67,5,Cash,Online,2026-03-06 23:59:00,orders_batch_1,INVALID_DATE
O000342,2026-02-24 10:13:00,C0156,P034,1,530.09,15,Cash,Store,2026-02-25 23:59:00,orders_batch_1,INVALID_DATE
O000343,2026-02-19 09:59:00,C0044,P024,4,241.87,0,Credit Card,Store,2026-02-20 23:59:00,orders_batch_1,INVALID_DATE
O000344,2026-01-29 06:19:00,C0110,P012,6,855.72,0,Bank Transfer,Store,2026-01-30 23:59:00,orders_batch_1,INVALID_DATE
O000345,2026-02-23 14:35:00,C0105,P043,2,1295.01,0,Bank Transfer,Online,2026-02-24 23:59:00,orders_batch_1,INVALID_DATE
O000346,2026-02-06 02:01:00,C0176,P039,6,688.83,0,Bank Transfer,Store,2026-02-07 23:59:00,orders_batch_1,INVALID_DATE
O000347,2026-02-23 03:19:00,C0077,P044,2,766,0,Credit Card,Online,2026-02-24 23:59:00,orders_batch_1,INVALID_DATE
O000348,2026-01-31 10:32:00,C0110,P045,3,1459.08,10,Credit Card,Store,2026-02-01 23:59:00,orders_batch_1,INVALID_DATE
O000349,2026-01-28 00:34:00,C0066,P037,3,185.91,0,Credit Card,Marketplace,2026-01-29 23:59:00,orders_batch_1,INVALID_DATE
O000350,2026-03-12 21:39:00,C0171,P017,6,1281.37,0,PromptPay,Store,2026-03-13 23:59:00,orders_batch_1,INVALID_DATE
O000351,2026-03-12 01:42:00,C0105,P003,3,344.85,5,Cash,Marketplace,2026-03-13 23:59:00,orders_batch_1,INVALID_DATE
O000352,2026-03-06 05:27:00,C0032,P038,2,979.4,15,Credit Card,Marketplace,2026-03-07 23:59:00,orders_batch_1,INVALID_DATE
O000353,2026-01-18 11:42:00,C0180,P012,1,855.72,10,PromptPay,Store,2026-01-19 23:59:00,orders_batch_1,INVALID_DATE
O000354,2026-01-08 08:50:00,C0124,P018,2,549.89,0,Bank Transfer,Online,2026-01-09 23:59:00,orders_batch_1,INVALID_DATE
O000355,2026-02-21 05:01:00,C0072,P023,5,784.71,0,Bank Transfer,Online,2026-02-22 23:59:00,orders_batch_1,INVALID_DATE
O000356,2026-01-19 11:29:00,C0146,P042,-2,733.19,0,Bank Transfer,Store,2026-01-20 23:59:00,orders_batch_1,INVALID_DATE|INVALID_QUANTITY
O000357,2026-02-14 14:16:00,C0158,P048,3,211.32,10,Credit Card,Online,2026-02-15 23:59:00,orders_batch_1,INVALID_DATE
O000358,2026-01-31 10:05:00,C0063,P006,3,967.02,0,Bank Transfer,Marketplace,2026-02-01 23:59:00,orders_batch_1,INVALID_DATE
O000359,2026-01-27 16:46:00,C0091,P035,6,997.99,5,Cash,Online,2026-01-28 23:59:00,orders_batch_1,INVALID_DATE
O000360,2026-01-16 00:45:00,C0040,P004,2,1451.77,15,Bank Transfer,Online,2026-01-17 23:59:00,orders_batch_1,INVALID_DATE
O000361,2026-03-12 03:11:00,C0041,P016,3,878.59,10,Credit Card,Marketplace,2026-03-13 23:59:00,orders_batch_1,INVALID_DATE
O000362,2026-03-16 10:18:00,C0091,P001,4,29.67,15,Credit Card,Store,2026-03-17 23:59:00,orders_batch_1,INVALID_DATE
O000363,2026-01-15 21:00:00,C0086,P020,4,62.79,10,Cash,Online,2026-01-16 23:59:00,orders_batch_1,INVALID_DATE
O000364,2026-03-17 17:38:00,C0069,P035,5,997.99,0,Cash,Online,2026-03-18 23:59:00,orders_batch_1,INVALID_DATE
O000365,2026-02-05 08:55:00,C0012,P021,2,1114.51,0,Cash,Store,2026-02-06 23:59:00,orders_batch_1,INVALID_DATE
O000366,2026-02-21 16:10:00,C0155,P021,6,1114.51,15,Bank Transfer,Store,2026-02-22 23:59:00,orders_batch_1,INVALID_DATE
O000367,2026-02-04 08:35:00,C0121,P008,1,292.37,5,Bank Transfer,Store,2026-02-05 23:59:00,orders_batch_1,INVALID_DATE
O000368,2026-01-28 01:58:00,C0147,P001,1,29.67,0,Cash,Online,2026-01-29 23:59:00,orders_batch_1,INVALID_DATE
O000369,2026-01-08 13:31:00,C0050,P022,4,840.27,10,Credit Card,Marketplace,2026-01-09 23:59:00,orders_batch_1,INVALID_DATE
O000370,2026-02-13 22:26:00,C0045,P024,2,241.87,15,Bank Transfer,Online,2026-02-14 23:59:00,orders_batch_1,INVALID_DATE
O000371,2026-02-09 02:38:00,C0098,P034,4,530.09,10,Cash,Marketplace,2026-02-10 23:59:00,orders_batch_1,INVALID_DATE
O000372,2026-01-08 00:29:00,C0164,P045,3,1459.08,5,PromptPay,Online,2026-01-09 23:59:00,orders_batch_1,INVALID_DATE
O000373,2026-01-17 11:27:00,C0016,P003,5,344.85,10,PromptPay,Online,2026-01-18 23:59:00,orders_batch_1,INVALID_DATE
O000374,2026-02-10 21:50:00,C0143,P006,5,967.02,0,Bank Transfer,Online,2026-02-11 23:59:00,orders_batch_1,INVALID_DATE
O000375,2026-03-03 21:52:00,C0068,P032,1,624.66,5,Bank Transfer,Marketplace,2026-03-04 23:59:00,orders_batch_1,INVALID_DATE
O000376,2026-02-27 12:55:00,C0081,P034,3,530.09,0,Credit Card,Store,2026-02-28 23:59:00,orders_batch_1,INVALID_DATE
O000377,2026-02-12 11:18:00,C0086,P019,1,1281.45,5,Credit Card,Marketplace,2026-02-13 23:59:00,orders_batch_1,INVALID_DATE
O000378,2026-01-31 07:22:00,C0089,P025,5,833.67,0,Cash,Online,2026-02-01 23:59:00,orders_batch_1,INVALID_DATE
O000379,2026-01-27 19:32:00,C0092,P028,3,386.57,0,Bank Transfer,Online,2026-01-28 23:59:00,orders_batch_1,INVALID_DATE
O000380,2026-03-17 09:08:00,C0097,P033,2,654.4,5,Cash,Store,2026-03-18 23:59:00,orders_batch_1,INVALID_DATE
O000381,2026-01-17 13:54:00,C0054,P005,1,THB 649.9,10,Credit Card,Marketplace,2026-01-18 23:59:00,orders_batch_1,INVALID_DATE|INVALID_UNIT_PRICE
O000382,2026-01-08 21:13:00,C0113,P021,6,1114.51,5,Cash,Online,2026-01-09 23:59:00,orders_batch_1,INVALID_DATE
O000383,2026-02-04 15:05:00,C0087,P009,2,192.56,0,Bank Transfer,Marketplace,2026-02-05 23:59:00,orders_batch_1,INVALID_DATE
O000384,2026-02-23 11:04:00,C0116,P016,5,878.59,0,Bank Transfer,Online,2026-02-24 23:59:00,orders_batch_1,INVALID_DATE
O000385,2026-01-11 17:31:00,C0010,P035,5,997.99,0,Cash,Store,2026-01-12 23:59:00,orders_batch_1,INVALID_DATE
O000386,2026-03-13 00:14:00,C0143,P036,3,220.86,10,PromptPay,Marketplace,2026-03-14 23:59:00,orders_batch_1,INVALID_DATE
O000387,2026-02-28 22:39:00,C0136,P009,4,192.56,0,Credit Card,Store,2026-03-01 23:59:00,orders_batch_1,INVALID_DATE
O000388,31/02/2026 10:00,C0086,P027,1,817.79,15,Bank Transfer,Marketplace,2026-01-25 23:59:00,orders_batch_1,INVALID_DATE
O000389,2026-02-15 20:43:00,C0124,P018,4,549.89,15,Cash,Store,2026-02-16 23:59:00,orders_batch_1,INVALID_DATE
O000390,2026-03-17 09:05:00,C0067,P041,3,1291.92,0,PromptPay,Online,2026-03-18 23:59:00,orders_batch_1,INVALID_DATE
O000391,2026-02-17 11:03:00,C0154,P047,2,613.02,15,Bank Transfer,Marketplace,2026-02-18 23:59:00,orders_batch_1,INVALID_DATE
O000392,2026-02-05 18:02:00,C0156,P038,1,979.4,0,Credit Card,Store,2026-02-06 23:59:00,orders_batch_1,INVALID_DATE
O000393,not-a-date,C0148,P037,5,185.91,10,Bank Transfer,Online,2026-02-25 23:59:00,orders_batch_1,INVALID_DATE
O000394,2026-01-12 18:23:00,C0140,P012,3,855.72,15,Cash,Online,2026-01-13 23:59:00,orders_batch_1,INVALID_DATE
O000395,2026-03-10 09:47:00,C0022,P043,4,1295.01,0,Cash,Online,2026-03-11 23:59:00,orders_batch_1,INVALID_DATE
O000396,2026-01-14 04:11:00,C0156,P022,2,840.27,0,Credit Card,Marketplace,2026-01-15 23:59:00,orders_batch_1,INVALID_DATE
O000397,2026-01-24 01:39:00,C0054,P046,1,187.09,5,Cash,Marketplace,2026-01-25 23:59:00,orders_batch_1,INVALID_DATE
O000398,2026-02-07 02:21:00,C0150,P012,1,855.72,5,Credit Card,Marketplace,2026-02-08 23:59:00,orders_batch_1,INVALID_DATE
O000399,2026-01-04 08:31:00,C0076,P009,2,192.56,10,Cash,Store,2026-01-05 23:59:00,orders_batch_1,INVALID_DATE
O000400,2026-01-08 11:54:00,C0143,P032,2,624.66,10,PromptPay,Store,2026-01-09 23:59:00,orders_batch_1,INVALID_DATE
O000401,2026-01-04 10:18:00,C0166,P020,1,62.79,10,Credit Card,Online,2026-01-05 23:59:00,orders_batch_1,INVALID_DATE
O000402,2026-02-22 19:52:00,C0006,P031,4,599.9,10,Bank Transfer,Marketplace,2026-02-23 23:59:00,orders_batch_1,INVALID_DATE
O000403,2026-03-04 05:47:00,C0087,P026,5,1185.43,0,Cash,Online,2026-03-05 23:59:00,orders_batch_1,INVALID_DATE
O000404,2026-01-30 04:14:00,C0163,P016,5,878.59,120,Credit Card,Store,2026-01-31 23:59:00,orders_batch_1,INVALID_DATE|INVALID_DISCOUNT
O000405,2026-03-16 03:18:00,C0141,P003,6,344.85,10,PromptPay,Store,2026-03-17 23:59:00,orders_batch_1,INVALID_DATE
O000406,2026-02-27 02:02:00,C0115,P040,3,1472.44,10,Cash,Online,2026-02-28 23:59:00,orders_batch_1,INVALID_DATE
O000407,2026-03-12 23:51:00,C0135,P007,4,619.54,15,Credit Card,Marketplace,2026-03-13 23:59:00,orders_batch_1,INVALID_DATE
O000408,2026-01-08 23:07:00,C0156,P002,2,204.81,15,Credit Card,Online,2026-01-09 23:59:00,orders_batch_1,INVALID_DATE
O000409,2026-03-03 01:45:00,C0109,P032,1,624.66,10,Credit Card,Online,2026-03-04 23:59:00,orders_batch_1,INVALID_DATE
O000410,2026-02-20 02:21:00,C0142,P026,5,1185.43,10,Bank Transfer,Store,2026-02-21 23:59:00,orders_batch_1,INVALID_DATE
O000411,2026-02-08 09:11:00,C0156,P019,2,1281.45,0,PromptPay,E-Commerce,2026-02-09 23:59:00,orders_batch_1,INVALID_DATE
O000412,2026-03-03 09:07:00,C0058,P017,6,1281.37,15,Cash,Online,2026-03-04 23:59:00,orders_batch_1,INVALID_DATE
O000413,2026-03-13 21:03:00,C0169,P022,6,840.27,15,PromptPay,Marketplace,2026-03-14 23:59:00,orders_batch_1,INVALID_DATE
O000414,2026-02-07 00:32:00,C0017,P020,3,62.79,10,Credit Card,Marketplace,2026-02-08 23:59:00,orders_batch_1,INVALID_DATE
O000415,2026-01-12 21:48:00,,P030,1,915.53,10,Credit Card,Marketplace,2026-01-13 23:59:00,orders_batch_1,INVALID_DATE|CUSTOMER_NOT_FOUND
O000416,2026-03-08 05:36:00,C0026,P027,3,817.79,5,Credit Card,Store,2026-03-09 23:59:00,orders_batch_1,INVALID_DATE
O000417,2026-02-09 22:58:00,C0021,P011,3,,0,Bank Transfer,Marketplace,2026-02-10 23:59:00,orders_batch_1,INVALID_DATE|INVALID_UNIT_PRICE
O000418,2026-02-02 20:13:00,C0078,P045,2,1459.08,0,Credit Card,Marketplace,2026-02-03 23:59:00,orders_batch_1,INVALID_DATE
O000419,2026-03-02 17:35:00,C0028,P048,1,211.32,10,Bank Transfer,Store,2026-03-03 23:59:00,orders_batch_1,INVALID_DATE
O000420,2026-02-04 08:18:00,C0028,P031,6,599.9,0,PromptPay,Online,2026-02-05 23:59:00,orders_batch_1,INVALID_DATE
O000001,2026-01-16 17:22:00,C0093,P036,5,220.86,5,Cash,Store,2026-01-17 23:59:00,orders_batch_1,INVALID_DATE
O000002,2026-03-13 23:19:00,C0056,P004,4,1451.77,0,Bank Transfer,Store,2026-03-14 23:59:00,orders_batch_1,INVALID_DATE
O000003,2026-02-06 02:06:00,C0102,P003,6,344.85,0,PromptPay,Online,2026-02-07 23:59:00,orders_batch_1,INVALID_DATE
O000004,2026-01-24 07:36:00,C0046,P031,4,599.9,0,Bank Transfer,Marketplace,2026-01-25 23:59:00,orders_batch_1,INVALID_DATE
O000005,2026-02-09 22:06:00,C0016,P013,2,848.73,5,PromptPay,Marketplace,2026-02-10 23:59:00,orders_batch_1,INVALID_DATE
O000006,2026-02-17 12:45:00,C0101,P031,1,599.9,0,Credit Card,Marketplace,2026-02-18 23:59:00,orders_batch_1,INVALID_DATE
O000007,2026-02-11 22:55:00,C0111,P007,3,619.54,10,Cash,Marketplace,2026-02-12 23:59:00,orders_batch_1,INVALID_DATE
O000008,2026-02-03 03:26:00,C0033,P047,1,613.02,5,Credit Card,Store,2026-02-04 23:59:00,orders_batch_1,INVALID_DATE
O000009,2026-03-18 11:59:00,C0120,P004,6,1451.77,5,Credit Card,Store,2026-03-19 23:59:00,orders_batch_1,INVALID_DATE
O000010,2026-01-30 08:49:00,C0169,P024,6,241.87,10,Credit Card,Store,2026-01-31 23:59:00,orders_batch_1,INVALID_DATE
O000011,2026-02-18 15:41:00,C0087,P047,5,613.02,15,Bank Transfer,Marketplace,2026-02-19 23:59:00,orders_batch_1,INVALID_DATE
O000012,2026-03-04 23:10:00,C0104,P029,6,450.41,0,PromptPay,Store,2026-03-05 23:59:00,orders_batch_1,INVALID_DATE
O000013,2026-01-03 14:15:00,C0055,P010,4,1366.97,15,PromptPay,Marketplace,2026-01-04 23:59:00,orders_batch_1,INVALID_DATE
O000014,2026-01-06 05:56:00,C0057,P013,4,848.73,0,PromptPay,Online,2026-01-07 23:59:00,orders_batch_1,INVALID_DATE
O000015,2026-01-08 02:14:00,C0126,P009,6,192.56,10,Bank Transfer,Store,2026-01-09 23:59:00,orders_batch_1,INVALID_DATE
O000016,2026-03-18 14:35:00,C0018,P040,5,1472.44,0,Bank Transfer,Online,2026-03-19 23:59:00,orders_batch_1,INVALID_DATE
O000017,2026-03-04 20:53:00,C0142,P038,4,979.4,15,Credit Card,Online,2026-03-05 23:59:00,orders_batch_1,INVALID_DATE
O000018,2026-02-04 11:54:00,C0031,P048,1,211.32,0,Cash,Marketplace,2026-02-05 23:59:00,orders_batch_1,INVALID_DATE
O000019,2026-03-13 15:38:00,C0126,P045,3,1459.08,0,Bank Transfer,Store,2026-03-14 23:59:00,orders_batch_1,INVALID_DATE
O000020,2026-01-05 08:03:00,C0045,P030,4,915.53,15,Bank Transfer,Online,2026-01-06 23:59:00,orders_batch_1,INVALID_DATE
O000021,2026-01-21 22:23:00,C0019,P038,4,979.4,0,Cash,Online,2026-01-22 23:59:00,orders_batch_1,INVALID_DATE
O000022,2026-02-13 21:46:00,C0129,P031,3,599.9,10,Cash,Online,2026-02-14 23:59:00,orders_batch_1,INVALID_DATE
O000023,2026-02-18 10:31:00,C0010,P041,5,1291.92,0,Bank Transfer,Marketplace,2026-02-19 23:59:00,orders_batch_1,INVALID_DATE
O000024,2026-01-24 00:11:00,C0021,P043,4,1295.01,10,Bank Transfer,Marketplace,2026-01-25 23:59:00,orders_batch_1,INVALID_DATE
O000025,2026-01-29 18:13:00,C0081,P041,5,1291.92,15,Bank Transfer,Store,2026-01-30 23:59:00,orders_batch_1,INVALID_DATE
O000026,2026-03-03 17:53:00,C0098,P018,4,549.89,5,Credit Card,Store,2026-03-04 23:59:00,orders_batch_1,INVALID_DATE
O000027,2026-02-02 18:54:00,C0158,P017,4,1281.37,10,Cash,Online,2026-02-03 23:59:00,orders_batch_1,INVALID_DATE
O000028,2026-03-10 18:39:00,C0130,P032,1,624.66,5,Cash,Online,2026-03-11 23:59:00,orders_batch_1,INVALID_DATE
O000029,2026-02-09 14:17:00,C0100,P025,6,833.67,10,Cash,Store,2026-02-10 23:59:00,orders_batch_1,INVALID_DATE
O000030,2026-02-18 05:50:00,C0048,P012,3,855.72,0,Bank Transfer,Online,2026-02-19 23:59:00,orders_batch_1,INVALID_DATE
O000031,2026-01-16 06:06:00,C0139,P019,5,1281.45,15,Credit Card,Marketplace,2026-01-17 23:59:00,orders_batch_1,INVALID_DATE
O000032,2026-02-16 22:53:00,C0097,P011,4,616.6,0,Cash,Store,2026-02-17 23:59:00,orders_batch_1,INVALID_DATE
O000033,2026-01-25 02:50:00,C0063,P036,6,220.86,15,PromptPay,Marketplace,2026-01-26 23:59:00,orders_batch_1,INVALID_DATE
O000034,2026-01-03 05:05:00,C0143,P047,3,613.02,0,Credit Card,Store,2026-01-04 23:59:00,orders_batch_1,INVALID_DATE
O000035,2026-01-20 19:13:00,C0168,P041,3,1291.92,10,Cash,Store,2026-01-21 23:59:00,orders_batch_1,INVALID_DATE
O000036,2026-01-13 07:37:00,C0005,P002,6,204.81,0,Cash,Online,2026-01-14 23:59:00,orders_batch_1,INVALID_DATE
O000037,2026-01-10 21:06:00,C0035,P009,2,192.56,0,Credit Card,Store,2026-01-11 23:59:00,orders_batch_1,INVALID_DATE
O000038,2026-01-18 00:22:00,C0061,P045,2,1459.08,0,Bank Transfer,Marketplace,2026-01-19 23:59:00,orders_batch_1,INVALID_DATE
O000039,2026-02-03 19:41:00,C0067,P044,6,766,15,PromptPay,Online,2026-02-04 23:59:00,orders_batch_1,INVALID_DATE
O000040,2026-02-27 02:25:00,C0045,P010,3,1366.97,10,PromptPay,Store,2026-02-28 23:59:00,orders_batch_1,INVALID_DATE
O000041,2026-01-05 13:24:00,C0046,P023,5,784.71,5,PromptPay,Marketplace,2026-01-06 23:59:00,orders_batch_1,INVALID_DATE
O000042,2026-02-16 00:15:00,C0028,P011,4,616.6,0,PromptPay,Online,2026-02-17 23:59:00,orders_batch_1,INVALID_DATE
O000043,2026-02-17 23:39:00,C0051,P005,6,649.9,0,PromptPay,Marketplace,2026-02-18 23:59:00,orders_batch_1,INVALID_DATE
O000044,2026-01-12 16:44:00,C0159,P035,5,997.99,15,PromptPay,Store,2026-01-13 23:59:00,orders_batch_1,INVALID_DATE
O000045,2026-03-15 00:28:00,C0132,P043,5,1295.01,15,Credit Card,Online,2026-03-16 23:59:00,orders_batch_1,INVALID_DATE
O000046,2026-02-12 10:13:00,C0120,P012,2,855.72,0,Credit Card,Store,2026-02-13 23:59:00,orders_batch_1,INVALID_DATE
O000047,2026-01-04 00:08:00,C0016,P012,3,855.72,0,Credit Card,Store,2026-01-05 23:59:00,orders_batch_1,INVALID_DATE
O000048,2026-02-04 19:07:00,C0042,P042,3,733.19,5,Credit Card,Online,2026-02-05 23:59:00,orders_batch_1,INVALID_DATE
O000049,2026-01-17 14:11:00,C0177,P041,4,1291.92,5,PromptPay,Online,2026-01-18 23:59:00,orders_batch_1,INVALID_DATE
O000050,2026-02-21 17:25:00,C0094,P004,4,1451.77,5,Credit Card,Online,2026-02-22 23:59:00,orders_batch_1,INVALID_DATE
O000051,2026-03-03 11:18:00,C0120,P004,6,1451.77,5,Credit Card,Store,2026-03-04 23:59:00,orders_batch_1,INVALID_DATE
O000052,2026-03-15 15:33:00,C0012,P014,2,358.74,0,Bank Transfer,Marketplace,2026-03-16 23:59:00,orders_batch_1,INVALID_DATE
O000053,2026-01-01 21:14:00,C0147,P008,4,292.37,0,Cash,Online,2026-01-02 23:59:00,orders_batch_1,INVALID_DATE
O000054,2026-03-06 15:56:00,C0115,P034,2,530.09,5,Cash,Store,2026-03-07 23:59:00,orders_batch_1,INVALID_DATE
O000055,2026-03-21 09:23:00,C0133,P024,1,241.87,0,PromptPay,Marketplace,2026-03-22 23:59:00,orders_batch_1,INVALID_DATE
O000056,2026-01-17 09:13:00,C0063,P040,6,1472.44,0,PromptPay,Store,2026-01-18 23:59:00,orders_batch_1,INVALID_DATE
O000057,2026-02-10 22:10:00,C0080,P005,5,649.9,0,Credit Card,Online,2026-02-11 23:59:00,orders_batch_1,INVALID_DATE
O000058,2026-02-27 23:57:00,C0069,P034,5,530.09,0,Bank Transfer,Store,2026-02-28 23:59:00,orders_batch_1,INVALID_DATE
O000059,2026-02-08 10:56:00,C0095,P024,2,241.87,5,Credit Card,Marketplace,2026-02-09 23:59:00,orders_batch_1,INVALID_DATE
O000060,2026-01-10 23:53:00,C0029,P012,6,855.72,10,Credit Card,Store,2026-01-11 23:59:00,orders_batch_1,INVALID_DATE
O000061,2026-02-01 02:45:00,C0156,P026,2,1185.43,0,Cash,Store,2026-02-02 23:59:00,orders_batch_1,INVALID_DATE
O000062,2026-03-07 09:22:00,C0067,P012,1,855.72,0,Credit Card,Marketplace,2026-03-08 23:59:00,orders_batch_1,INVALID_DATE
O000063,2026-01-23 14:28:00,C0016,P024,3,241.87,15,PromptPay,Online,2026-01-24 23:59:00,orders_batch_1,INVALID_DATE
O000064,2026-01-02 19:01:00,C0086,P038,4,979.4,10,Credit Card,Store,2026-01-03 23:59:00,orders_batch_1,INVALID_DATE
O000065,2026-02-04 04:59:00,C0135,P040,4,1472.44,0,Bank Transfer,Marketplace,2026-02-05 23:59:00,orders_batch_1,INVALID_DATE
O000066,2026-01-30 05:53:00,C0103,P008,2,292.37,15,Cash,Online,2026-01-31 23:59:00,orders_batch_1,INVALID_DATE
O000067,2026-01-02 02:47:00,C0167,P033,1,654.4,15,Credit Card,Online,2026-01-03 23:59:00,orders_batch_1,INVALID_DATE
O000068,2026-01-25 03:06:00,C0097,P007,4,619.54,0,PromptPay,Marketplace,2026-01-26 23:59:00,orders_batch_1,INVALID_DATE
O000069,2026-03-20 10:44:00,C0174,P016,5,878.59,0,Cash,Marketplace,2026-03-21 23:59:00,orders_batch_1,INVALID_DATE
O000070,2026-02-09 16:21:00,C0119,P033,4,654.4,5,Cash,Marketplace,2026-02-10 23:59:00,orders_batch_1,INVALID_DATE
O000071,2026-03-21 16:31:00,C0153,P002,5,204.81,0,Bank Transfer,Online,2026-03-22 23:59:00,orders_batch_1,INVALID_DATE
O000072,2026-03-13 07:50:00,C0169,P024,2,241.87,15,PromptPay,Store,2026-03-14 23:59:00,orders_batch_1,INVALID_DATE
O000073,2026-01-17 23:13:00,C0074,P012,4,855.72,0,Credit Card,Marketplace,2026-01-18 23:59:00,orders_batch_1,INVALID_DATE
O000074,2026-01-18 04:47:00,C0155,P003,4,344.85,0,Bank Transfer,Online,2026-01-19 23:59:00,orders_batch_1,INVALID_DATE
O000075,2026-02-12 07:26:00,C0016,P034,2,530.09,5,Cash,Marketplace,2026-02-13 23:59:00,orders_batch_1,INVALID_DATE
O000076,2026-01-09 13:14:00,C0134,P004,6,1451.77,0,Bank Transfer,Marketplace,2026-01-10 23:59:00,orders_batch_1,INVALID_DATE
O000077,2026-01-19 04:36:00,C0145,P042,4,733.19,0,Bank Transfer,Marketplace,2026-01-20 23:59:00,orders_batch_1,INVALID_DATE
O000078,2026-03-09 10:55:00,C0125,P007,2,619.54,5,PromptPay,Marketplace,2026-03-10 23:59:00,orders_batch_1,INVALID_DATE
O000079,2026-02-04 09:57:00,C0040,P040,1,1472.44,0,Bank Transfer,Online,2026-02-05 23:59:00,orders_batch_1,INVALID_DATE
O000080,2026-01-16 21:43:00,C0044,P020,4,62.79,0,Cash,Online,2026-01-17 23:59:00,orders_batch_1,INVALID_DATE
O000081,2026-02-12 02:23:00,C0096,P036,3,220.86,0,Bank Transfer,Online,2026-02-13 23:59:00,orders_batch_1,INVALID_DATE
O000082,2026-01-27 21:37:00,C0061,P022,6,840.27,5,Cash,Store,2026-01-28 23:59:00,orders_batch_1,INVALID_DATE
O000083,2026-02-05 11:37:00,,P039,4,688.83,5,Cash,Online,2026-02-06 23:59:00,orders_batch_1,INVALID_DATE|CUSTOMER_NOT_FOUND
O000084,2026-01-25 20:52:00,C0021,P042,1,733.19,5,Credit Card,Store,2026-01-26 23:59:00,orders_batch_1,INVALID_DATE
O000085,2026-01-28 16:32:00,C0130,P043,4,1295.01,5,PromptPay,Online,2026-01-29 23:59:00,orders_batch_1,INVALID_DATE
O000086,2026-01-24 08:43:00,C0106,P035,4,997.99,5,PromptPay,Store,2026-01-25 23:59:00,orders_batch_1,INVALID_DATE
O000087,2026-01-16 01:34:00,C0174,P024,1,241.87,5,Bank Transfer,Marketplace,2026-01-17 23:59:00,orders_batch_1,INVALID_DATE
O000088,2026-03-11 09:05:00,C0026,P037,1,185.91,0,Bank Transfer,Marketplace,2026-03-12 23:59:00,orders_batch_1,INVALID_DATE
O000089,2026-03-04 08:25:00,C0030,P035,-2,997.99,10,Credit Card,Online,2026-03-05 23:59:00,orders_batch_1,INVALID_DATE|INVALID_QUANTITY
O000090,2026-03-18 03:12:00,C0105,P031,1,599.9,10,Cash,Online,2026-03-19 23:59:00,orders_batch_1,INVALID_DATE
O000091,2026-03-09 13:14:00,C0030,P008,4,292.37,0,Bank Transfer,Marketplace,2026-03-10 23:59:00,orders_batch_1,INVALID_DATE
O000092,2026-02-16 17:53:00,C0135,P031,3,599.9,0,Bank Transfer,Marketplace,2026-02-17 23:59:00,orders_batch_1,INVALID_DATE
O000093,2026-01-02 23:58:00,C0138,P019,5,1281.45,0,Bank Transfer,Store,2026-01-03 23:59:00,orders_batch_1,INVALID_DATE
O000094,2026-01-18 16:42:00,C0136,P008,4,292.37,10,Bank Transfer,Store,2026-01-19 23:59:00,orders_batch_1,INVALID_DATE
O000095,2026-02-05 12:49:00,C0012,P006,5,967.02,0,PromptPay,Store,2026-02-06 23:59:00,orders_batch_1,INVALID_DATE
O000096,2026-01-31 21:03:00,C0179,P022,5,840.27,15,PromptPay,Online,2026-02-01 23:59:00,orders_batch_1,INVALID_DATE
O000097,31/02/2026 10:00,C0110,P040,5,1472.44,0,Bank Transfer,Online,2026-03-03 23:59:00,orders_batch_1,INVALID_DATE
O000098,2026-02-05 20:46:00,C0129,P006,4,967.02,10,PromptPay,Store,2026-02-06 23:59:00,orders_batch_1,INVALID_DATE
O000099,2026-03-19 15:20:00,C0106,P001,3,29.67,5,Bank Transfer,Online,2026-03-20 23:59:00,orders_batch_1,INVALID_DATE
O000100,2026-01-17 06:02:00,C0142,P011,2,616.6,5,PromptPay,Marketplace,2026-01-18 23:59:00,orders_batch_1,INVALID_DATE
O000101,2026-02-28 22:40:00,C0151,P029,3,450.41,120,Credit Card,Store,2026-03-01 23:59:00,orders_batch_1,INVALID_DATE|INVALID_DISCOUNT
O000102,2026-03-11 06:16:00,C0010,P021,2,1114.51,0,Bank Transfer,Marketplace,2026-03-12 23:59:00,orders_batch_1,INVALID_DATE
O000103,2026-01-11 16:06:00,C0175,P035,1,997.99,0,Bank Transfer,Online,2026-01-12 23:59:00,orders_batch_1,INVALID_DATE
O000104,2026-02-09 20:37:00,C0083,P006,5,967.02,0,Cash,Marketplace,2026-02-10 23:59:00,orders_batch_1,INVALID_DATE
O000105,2026-01-06 08:51:00,C0161,P018,4,549.89,15,Bank Transfer,Online,2026-01-07 23:59:00,orders_batch_1,INVALID_DATE
O000106,2026-02-16 09:01:00,C0033,P026,1,1185.43,15,PromptPay,Marketplace,2026-02-17 23:59:00,orders_batch_1,INVALID_DATE
O000107,2026-03-03 15:13:00,C0130,P999,1,766,15,PromptPay,Store,2026-03-04 23:59:00,orders_batch_1,INVALID_DATE|PRODUCT_NOT_FOUND
O000108,2026-02-07 17:15:00,C0180,P042,2,733.19,5,Credit Card,Marketplace,2026-02-08 23:59:00,orders_batch_1,INVALID_DATE
O000109,2026-02-23 19:25:00,C0164,P023,1,784.71,0,credit card,Store,2026-02-24 23:59:00,orders_batch_1,INVALID_DATE
O000110,2026-02-16 04:32:00,C0140,P029,4,450.41,0,Cash,Online,2026-02-17 23:59:00,orders_batch_1,INVALID_DATE
O000111,2026-01-26 19:08:00,C0064,P034,2,530.09,0,Credit Card,Online,2026-01-27 23:59:00,orders_batch_1,INVALID_DATE
O000112,2026-03-15 23:47:00,C0089,P008,3,292.37,15,Credit Card,Online,2026-03-16 23:59:00,orders_batch_1,INVALID_DATE
O000113,2026-01-03 03:35:00,C0039,P011,three,616.6,0,PromptPay,Marketplace,2026-01-04 23:59:00,orders_batch_1,INVALID_DATE|INVALID_QUANTITY
O000114,2026-01-19 06:19:00,C0075,P037,6,185.91,10,Credit Card,Store,2026-01-20 23:59:00,orders_batch_1,INVALID_DATE
O000115,2026-02-11 11:36:00,C0124,P028,2,386.57,10,Bank Transfer,Online,2026-02-12 23:59:00,orders_batch_1,INVALID_DATE
O000116,2026-03-16 04:48:00,C0122,P029,6,450.41,5,Cash,Online,2026-03-17 23:59:00,orders_batch_1,INVALID_DATE
O000117,2026-01-10 19:16:00,C0050,P020,4,62.79,0,Bank Transfer,Store,2026-01-11 23:59:00,orders_batch_1,INVALID_DATE
O000118,2026-01-24 08:06:00,C0081,P029,3,450.41,0,Credit Card,Online,2026-01-25 23:59:00,orders_batch_1,INVALID_DATE
O000119,2026-02-17 04:23:00,C0085,P035,6,997.99,15,Cash,Online,2026-02-18 23:59:00,orders_batch_1,INVALID_DATE
O000120,2026-02-25 02:15:00,C0112,P001,6,29.67,0,PromptPay,Marketplace,2026-02-26 23:59:00,orders_batch_1,INVALID_DATE
O000121,2026-01-12 11:51:00,C0094,P042,3,733.19,10,PromptPay,Store,2026-01-13 23:59:00,orders_batch_1,INVALID_DATE
O000122,2026-01-18 12:18:00,C0047,P003,3,344.85,0,Credit Card,Online,2026-01-19 23:59:00,orders_batch_1,INVALID_DATE
O000123,2026-02-06 09:45:00,C0102,P037,4,185.91,0,Credit Card,Marketplace,2026-02-07 23:59:00,orders_batch_1,INVALID_DATE
O000124,2026-02-10 05:20:00,C0155,P014,4,358.74,0,Cash,Marketplace,2026-02-11 23:59:00,orders_batch_1,INVALID_DATE
O000125,2026-02-10 04:14:00,C0161,P011,5,616.6,0,Bank Transfer,Store,2026-02-11 23:59:00,orders_batch_1,INVALID_DATE
O000126,2026-02-02 22:01:00,C0073,P010,3,1366.97,15,Cash,Marketplace,2026-02-03 23:59:00,orders_batch_1,INVALID_DATE
O000127,2026-02-14 13:29:00,C0009,P038,1,THB 979.4,0,Credit Card,Marketplace,2026-02-15 23:59:00,orders_batch_1,INVALID_DATE|INVALID_UNIT_PRICE
O000128,2026-02-03 08:05:00,C0110,P012,5,855.72,10,Credit Card,Store,2026-02-04 23:59:00,orders_batch_1,INVALID_DATE
O000129,2026-01-10 22:52:00,C0017,P042,6,733.19,5,Bank Transfer,Marketplace,2026-01-11 23:59:00,orders_batch_1,INVALID_DATE
O000130,2026-02-20 09:50:00,C0047,P005,3,649.9,0,Credit Card,Store,2026-02-21 23:59:00,orders_batch_1,INVALID_DATE
O000131,not-a-date,C0152,P037,1,185.91,5,Bank Transfer,Marketplace,2026-02-17 23:59:00,orders_batch_1,INVALID_DATE
O000132,2026-01-26 01:36:00,C0153,P048,3,211.32,0,Credit Card,Marketplace,2026-01-27 23:59:00,orders_batch_1,INVALID_DATE
O000133,2026-03-17 13:42:00,C0140,P024,6,241.87,5,Cash,Marketplace,2026-03-18 23:59:00,orders_batch_1,INVALID_DATE
O000134,2026-03-14 02:04:00,C0043,P041,6,1291.92,0,Bank Transfer,Online,2026-03-15 23:59:00,orders_batch_1,INVALID_DATE
O000135,2026-01-20 15:54:00,C0144,P046,3,187.09,0,PromptPay,Store,2026-01-21 23:59:00,orders_batch_1,INVALID_DATE
O000136,2026-01-24 06:13:00,C0065,P046,4,187.09,0,PromptPay,Marketplace,2026-01-25 23:59:00,orders_batch_1,INVALID_DATE
O000137,2026-02-05 11:07:00,C0046,P028,3,386.57,0,Credit Card,E-Commerce,2026-02-06 23:59:00,orders_batch_1,INVALID_DATE
O000138,2026-01-28 03:08:00,C0126,P019,4,1281.45,0,Credit Card,Online,2026-01-29 23:59:00,orders_batch_1,INVALID_DATE
O000139,2026-02-03 21:12:00,C0072,P039,4,,5,Cash,Online,2026-02-04 23:59:00,orders_batch_1,INVALID_DATE|INVALID_UNIT_PRICE
O000140,2026-02-08 23:05:00,C0009,P008,2,292.37,15,PromptPay,Online,2026-02-09 23:59:00,orders_batch_1,INVALID_DATE
O000141,2026-01-27 18:20:00,C0080,P010,3,1366.97,0,Credit Card,Store,2026-01-28 23:59:00,orders_batch_1,INVALID_DATE
O000142,2026-03-09 19:24:00,C0002,P040,6,1472.44,0,Bank Transfer,Store,2026-03-10 23:59:00,orders_batch_1,INVALID_DATE
O000143,2026-03-06 07:26:00,C0072,P036,1,220.86,5,Credit Card,Store,2026-03-07 23:59:00,orders_batch_1,INVALID_DATE
O000144,2026-03-21 19:40:00,C0028,P048,1,211.32,10,Bank Transfer,Marketplace,2026-03-22 23:59:00,orders_batch_1,INVALID_DATE
O000145,2026-02-18 23:48:00,C0013,P014,3,358.74,0,Cash,Marketplace,2026-02-19 23:59:00,orders_batch_1,INVALID_DATE
O000146,2026-03-10 14:22:00,C0092,P020,5,62.79,0,PromptPay,Store,2026-03-11 23:59:00,orders_batch_1,INVALID_DATE
O000147,2026-03-08 17:45:00,C0018,P013,1,848.73,0,Credit Card,Marketplace,2026-03-09 23:59:00,orders_batch_1,INVALID_DATE
O000148,2026-02-07 18:25:00,C0022,P007,2,619.54,15,PromptPay,Store,2026-02-08 23:59:00,orders_batch_1,INVALID_DATE
O000149,2026-01-08 12:33:00,C9999,P039,4,688.83,10,PromptPay,Marketplace,2026-01-09 23:59:00,orders_batch_1,INVALID_DATE|CUSTOMER_NOT_FOUND
O000150,2026-01-10 11:29:00,C0052,P009,5,192.56,0,Credit Card,Store,2026-01-11 23:59:00,orders_batch_1,INVALID_DATE
O000151,2026-01-10 07:57:00,C0024,P033,3,654.4,15,Bank Transfer,Store,2026-01-11 23:59:00,orders_batch_1,INVALID_DATE
O000152,2026-01-25 20:35:00,C0044,P025,4,833.67,0,Credit Card,Marketplace,2026-01-26 23:59:00,orders_batch_1,INVALID_DATE
O000153,2026-03-02 18:44:00,C0032,P020,4,62.79,0,Credit Card,Online,2026-03-03 23:59:00,orders_batch_1,INVALID_DATE
O000154,2026-02-14 04:28:00,C0174,P005,2,649.9,10,PromptPay,Marketplace,2026-02-15 23:59:00,orders_batch_1,INVALID_DATE
O000155,2026-01-06 04:27:00,C0161,P029,3,450.41,5,PromptPay,Store,2026-01-07 23:59:00,orders_batch_1,INVALID_DATE
O000156,2026-02-18 07:39:00,C0079,P022,3,840.27,15,Credit Card,Store,2026-02-19 23:59:00,orders_batch_1,INVALID_DATE
O000157,2026-02-03 23:31:00,C0163,P016,6,878.59,5,Bank Transfer,Store,2026-02-04 23:59:00,orders_batch_1,INVALID_DATE
O000158,2026-02-12 23:19:00,C0002,P001,1,29.67,5,Credit Card,Marketplace,2026-02-13 23:59:00,orders_batch_1,INVALID_DATE
O000159,2026-02-04 14:06:00,C0002,P016,5,878.59,10,Cash,Marketplace,2026-02-05 23:59:00,orders_batch_1,INVALID_DATE
O000160,2026-02-19 04:12:00,C0121,P015,2,320.33,10,Credit Card,Online,2026-02-20 23:59:00,orders_batch_1,INVALID_DATE
O000161,2026-01-02 14:04:00,C0112,P019,3,1281.45,5,PromptPay,Online,2026-01-03 23:59:00,orders_batch_1,INVALID_DATE
O000162,2026-01-11 12:14:00,C0033,P008,3,292.37,0,Credit Card,Online,2026-01-12 23:59:00,orders_batch_1,INVALID_DATE
O000163,2026-02-19 05:51:00,C0092,P016,5,878.59,0,PromptPay,Online,2026-02-20 23:59:00,orders_batch_1,INVALID_DATE
O000164,2026-01-04 23:11:00,C0158,P025,6,833.67,0,PromptPay,Store,2026-01-05 23:59:00,orders_batch_1,INVALID_DATE
O000165,2026-01-05 05:46:00,C0045,P005,4,649.9,10,Cash,Online,2026-01-06 23:59:00,orders_batch_1,INVALID_DATE
O000166,2026-01-18 04:01:00,,P027,4,817.79,10,PromptPay,Online,2026-01-19 23:59:00,orders_batch_1,INVALID_DATE|CUSTOMER_NOT_FOUND
O000167,2026-01-20 09:09:00,C0094,P015,5,320.33,5,Bank Transfer,Online,2026-01-21 23:59:00,orders_batch_1,INVALID_DATE
O000168,2026-01-21 04:29:00,C0089,P024,5,241.87,15,Bank Transfer,Marketplace,2026-01-22 23:59:00,orders_batch_1,INVALID_DATE
O000169,2026-01-26 21:16:00,C0143,P025,2,833.67,0,PromptPay,Online,2026-01-27 23:59:00,orders_batch_1,INVALID_DATE
O000170,2026-02-05 17:54:00,C0079,P032,5,624.66,5,Cash,Online,2026-02-06 23:59:00,orders_batch_1,INVALID_DATE
O000171,2026-01-28 03:35:00,C0132,P024,3,241.87,10,Credit Card,Online,2026-01-29 23:59:00,orders_batch_1,INVALID_DATE
O000172,2026-03-07 14:44:00,C0159,P046,1,187.09,15,Cash,Store,2026-03-08 23:59:00,orders_batch_1,INVALID_DATE
O000173,2026-02-25 03:22:00,C0148,P029,3,450.41,0,PromptPay,Marketplace,2026-02-26 23:59:00,orders_batch_1,INVALID_DATE
O000174,2026-01-30 12:40:00,C0033,P024,1,241.87,0,Bank Transfer,Store,2026-01-31 23:59:00,orders_batch_1,INVALID_DATE
O000175,2026-01-02 01:48:00,C0162,P005,1,649.9,0,PromptPay,Online,2026-01-03 23:59:00,orders_batch_1,INVALID_DATE
O000176,2026-02-08 00:38:00,C0045,P041,4,1291.92,10,Credit Card,Marketplace,2026-02-09 23:59:00,orders_batch_1,INVALID_DATE
O000177,2026-03-07 06:53:00,C0074,P016,3,878.59,0,Bank Transfer,Store,2026-03-08 23:59:00,orders_batch_1,INVALID_DATE
O000178,2026-02-16 01:47:00,C0061,P026,-2,1185.43,0,PromptPay,Marketplace,2026-02-17 23:59:00,orders_batch_1,INVALID_DATE|INVALID_QUANTITY
O000179,2026-02-13 04:06:00,C0031,P011,2,616.6,10,Cash,Store,2026-02-14 23:59:00,orders_batch_1,INVALID_DATE
O000180,2026-02-13 19:57:00,C0160,P024,2,241.87,10,Cash,Marketplace,2026-02-14 23:59:00,orders_batch_1,INVALID_DATE
O000181,2026-03-15 19:38:00,C0124,P031,5,599.9,0,Credit Card,Store,2026-03-16 23:59:00,orders_batch_1,INVALID_DATE
O000182,2026-01-17 10:30:00,C0071,P018,5,549.89,0,Cash,Store,2026-01-18 23:59:00,orders_batch_1,INVALID_DATE
O000183,2026-01-14 22:07:00,C0175,P030,4,915.53,0,Bank Transfer,Online,2026-01-15 23:59:00,orders_batch_1,INVALID_DATE
O000184,2026-02-10 04:27:00,C0142,P041,6,1291.92,15,Cash,Marketplace,2026-02-11 23:59:00,orders_batch_1,INVALID_DATE
O000185,2026-03-12 13:46:00,C0105,P009,4,192.56,10,Credit Card,Store,2026-03-13 23:59:00,orders_batch_1,INVALID_DATE
O000186,2026-01-28 05:30:00,C0128,P007,1,619.54,15,Bank Transfer,Marketplace,2026-01-29 23:59:00,orders_batch_1,INVALID_DATE
O000187,2026-01-15 07:19:00,C0125,P046,3,187.09,0,PromptPay,Marketplace,2026-01-16 23:59:00,orders_batch_1,INVALID_DATE
O000188,2026-01-05 03:55:00,C0002,P016,4,878.59,0,Bank Transfer,Online,2026-01-06 23:59:00,orders_batch_1,INVALID_DATE
O000189,2026-02-25 20:26:00,C0086,P048,4,211.32,0,PromptPay,Marketplace,2026-02-26 23:59:00,orders_batch_1,INVALID_DATE
O000190,2026-01-30 20:24:00,C0174,P040,4,1472.44,0,PromptPay,Marketplace,2026-01-31 23:59:00,orders_batch_1,INVALID_DATE
O000191,2026-03-19 19:31:00,C0102,P033,5,654.4,0,Bank Transfer,Marketplace,2026-03-20 23:59:00,orders_batch_1,INVALID_DATE
O000192,2026-01-15 01:25:00,C0064,P047,3,613.02,10,Cash,Online,2026-01-16 23:59:00,orders_batch_1,INVALID_DATE
O000193,2026-02-14 22:56:00,C0159,P011,4,616.6,10,PromptPay,Marketplace,2026-02-15 23:59:00,orders_batch_1,INVALID_DATE
O000194,31/02/2026 10:00,C0075,P003,3,344.85,10,Cash,Online,2026-03-20 23:59:00,orders_batch_1,INVALID_DATE
O000195,2026-01-06 13:25:00,C0055,P024,4,241.87,0,PromptPay,Marketplace,2026-01-07 23:59:00,orders_batch_1,INVALID_DATE
O000196,2026-02-26 10:22:00,C0019,P013,4,848.73,0,PromptPay,Store,2026-02-27 23:59:00,orders_batch_1,INVALID_DATE
O000197,2026-02-04 08:57:00,C0046,P004,5,1451.77,0,Cash,Marketplace,2026-02-05 23:59:00,orders_batch_1,INVALID_DATE
O000198,2026-02-13 04:43:00,C0164,P009,2,192.56,0,Bank Transfer,Store,2026-02-14 23:59:00,orders_batch_1,INVALID_DATE
O000199,2026-02-14 12:52:00,C0087,P007,3,619.54,5,PromptPay,Store,2026-02-15 23:59:00,orders_batch_1,INVALID_DATE
O000200,2026-02-13 15:44:00,C0012,P043,3,1295.01,5,Credit Card,Store,2026-02-14 23:59:00,orders_batch_1,INVALID_DATE
O000201,2026-03-03 05:54:00,C0104,P029,3,450.41,0,Cash,Marketplace,2026-03-04 23:59:00,orders_batch_1,INVALID_DATE
O000202,2026-01-15 10:38:00,C0161,P031,3,599.9,120,Credit Card,Online,2026-01-16 23:59:00,orders_batch_1,INVALID_DATE|INVALID_DISCOUNT
O000203,2026-01-15 13:38:00,C0127,P045,2,1459.08,10,Credit Card,Online,2026-01-16 23:59:00,orders_batch_1,INVALID_DATE
O000204,2026-02-20 08:55:00,C0012,P007,6,619.54,0,Cash,Store,2026-02-21 23:59:00,orders_batch_1,INVALID_DATE
O000205,2026-02-22 05:12:00,C0086,P012,6,855.72,0,Credit Card,Marketplace,2026-02-23 23:59:00,orders_batch_1,INVALID_DATE
O000206,2026-02-05 15:20:00,C0142,P042,1,733.19,0,PromptPay,Marketplace,2026-02-06 23:59:00,orders_batch_1,INVALID_DATE
O000207,2026-01-06 16:31:00,C0007,P004,2,1451.77,10,PromptPay,Online,2026-01-07 23:59:00,orders_batch_1,INVALID_DATE
O000208,2026-01-14 22:56:00,C0111,P043,5,1295.01,10,PromptPay,Online,2026-01-15 23:59:00,orders_batch_1,INVALID_DATE
O000209,2026-03-11 04:37:00,C0145,P003,5,344.85,0,Bank Transfer,Marketplace,2026-03-12 23:59:00,orders_batch_1,INVALID_DATE
O000210,2026-02-16 03:35:00,C0098,P003,5,344.85,10,Cash,Marketplace,2026-02-17 23:59:00,orders_batch_1,INVALID_DATE
O000211,2026-01-03 05:13:00,C0056,P013,6,848.73,10,Bank Transfer,Online,2026-01-04 23:59:00,orders_batch_1,INVALID_DATE
O000212,2026-02-28 13:51:00,C0089,P003,2,344.85,0,Credit Card,Online,2026-03-01 23:59:00,orders_batch_1,INVALID_DATE
O000213,2026-01-11 06:57:00,C0006,P008,5,292.37,15,Bank Transfer,Online,2026-01-12 23:59:00,orders_batch_1,INVALID_DATE
O000214,2026-01-04 07:12:00,C0043,P999,6,1451.77,0,PromptPay,Store,2026-01-05 23:59:00,orders_batch_1,INVALID_DATE|PRODUCT_NOT_FOUND
O000215,2026-02-27 05:31:00,C0026,P023,3,784.71,15,Credit Card,Store,2026-02-28 23:59:00,orders_batch_1,INVALID_DATE
O000216,2026-01-27 23:37:00,C0065,P011,6,616.6,15,Bank Transfer,Marketplace,2026-01-28 23:59:00,orders_batch_1,INVALID_DATE
O000217,2026-03-16 04:59:00,C0167,P036,5,220.86,0,PromptPay,Store,2026-03-17 23:59:00,orders_batch_1,INVALID_DATE
O000218,2026-01-24 14:46:00,C0171,P044,2,766,0,promptpay,Store,2026-01-25 23:59:00,orders_batch_1,INVALID_DATE
O000219,2026-01-07 03:20:00,C0163,P003,2,344.85,0,PromptPay,Marketplace,2026-01-08 23:59:00,orders_batch_1,INVALID_DATE
O000220,2026-02-09 12:57:00,C0123,P047,1,613.02,15,Cash,Online,2026-02-10 23:59:00,orders_batch_1,INVALID_DATE
O000221,2026-02-20 08:13:00,C0054,P030,6,915.53,0,Credit Card,Marketplace,2026-02-21 23:59:00,orders_batch_1,INVALID_DATE
O000222,2026-01-19 19:57:00,C0066,P018,1,549.89,5,Credit Card,Marketplace,2026-01-20 23:59:00,orders_batch_1,INVALID_DATE
O000223,2026-01-03 17:52:00,C0174,P001,4,29.67,10,Cash,Store,2026-01-04 23:59:00,orders_batch_1,INVALID_DATE
O000224,2026-03-19 12:43:00,C0119,P033,6,654.4,5,Bank Transfer,Marketplace,2026-03-20 23:59:00,orders_batch_1,INVALID_DATE
O000225,2026-02-11 22:56:00,C0151,P022,1,840.27,0,Cash,Marketplace,2026-02-12 23:59:00,orders_batch_1,INVALID_DATE
O000226,2026-03-21 10:12:00,C0153,P017,three,1281.37,0,Bank Transfer,Online,2026-03-22 23:59:00,orders_batch_1,INVALID_DATE|INVALID_QUANTITY
O000227,2026-01-18 17:04:00,C0149,P028,4,386.57,0,Cash,Online,2026-01-19 23:59:00,orders_batch_1,INVALID_DATE
O000228,2026-02-20 23:58:00,C0151,P004,4,1451.77,0,Cash,Online,2026-02-21 23:59:00,orders_batch_1,INVALID_DATE
O000229,2026-01-25 07:28:00,C0051,P032,3,624.66,0,PromptPay,Store,2026-01-26 23:59:00,orders_batch_1,INVALID_DATE
O000230,2026-02-22 09:04:00,C0155,P019,3,1281.45,15,PromptPay,Online,2026-02-23 23:59:00,orders_batch_1,INVALID_DATE
O000231,2026-01-13 09:47:00,C0029,P025,2,833.67,5,Credit Card,Online,2026-01-14 23:59:00,orders_batch_1,INVALID_DATE
O000232,2026-02-13 19:44:00,C0107,P045,3,1459.08,5,Bank Transfer,Store,2026-02-14 23:59:00,orders_batch_1,INVALID_DATE
O000233,2026-01-03 00:02:00,C0080,P005,1,649.9,15,Bank Transfer,Marketplace,2026-01-04 23:59:00,orders_batch_1,INVALID_DATE
O000234,2026-01-16 09:16:00,C0179,P043,4,1295.01,15,Credit Card,Store,2026-01-17 23:59:00,orders_batch_1,INVALID_DATE
O000235,2026-01-29 07:35:00,C0128,P004,6,1451.77,0,Credit Card,Marketplace,2026-01-30 23:59:00,orders_batch_1,INVALID_DATE
O000236,2026-02-13 11:02:00,C0132,P023,6,784.71,10,PromptPay,Online,2026-02-14 23:59:00,orders_batch_1,INVALID_DATE
O000237,2026-02-08 11:09:00,C0154,P041,4,1291.92,10,Credit Card,Store,2026-02-09 23:59:00,orders_batch_1,INVALID_DATE
O000238,2026-03-16 17:13:00,C0005,P030,6,915.53,0,Credit Card,Marketplace,2026-03-17 23:59:00,orders_batch_1,INVALID_DATE
O000239,2026-01-08 04:05:00,C0116,P011,1,616.6,5,PromptPay,Online,2026-01-09 23:59:00,orders_batch_1,INVALID_DATE
O000240,2026-02-14 16:47:00,C0165,P019,3,1281.45,0,Bank Transfer,Store,2026-02-15 23:59:00,orders_batch_1,INVALID_DATE
O000241,2026-02-15 07:40:00,C0018,P024,4,241.87,0,Credit Card,Store,2026-02-16 23:59:00,orders_batch_1,INVALID_DATE
O000242,2026-03-13 19:53:00,C0136,P032,6,624.66,0,Bank Transfer,Marketplace,2026-03-14 23:59:00,orders_batch_1,INVALID_DATE
O000243,2026-03-18 00:10:00,C0146,P032,4,624.66,0,Cash,Store,2026-03-19 23:59:00,orders_batch_1,INVALID_DATE
O000244,2026-02-13 05:45:00,C0099,P031,1,599.9,0,Credit Card,Store,2026-02-14 23:59:00,orders_batch_1,INVALID_DATE
O000245,2026-01-13 06:00:00,C0176,P005,5,649.9,5,Bank Transfer,Marketplace,2026-01-14 23:59:00,orders_batch_1,INVALID_DATE
O000246,2026-01-19 01:53:00,C0094,P011,1,616.6,0,Cash,Marketplace,2026-01-20 23:59:00,orders_batch_1,INVALID_DATE
O000247,2026-01-16 07:34:00,C0170,P043,4,1295.01,5,Credit Card,Marketplace,2026-01-17 23:59:00,orders_batch_1,INVALID_DATE
O000248,2026-03-21 09:22:00,C0072,P026,6,1185.43,15,PromptPay,Marketplace,2026-03-22 23:59:00,orders_batch_1,INVALID_DATE
O000249,2026-02-07 21:50:00,,P025,5,833.67,15,Credit Card,Online,2026-02-08 23:59:00,orders_batch_1,INVALID_DATE|CUSTOMER_NOT_FOUND
O000250,2026-02-06 02:14:00,C0108,P016,6,878.59,15,PromptPay,Marketplace,2026-02-07 23:59:00,orders_batch_1,INVALID_DATE
O000251,2026-03-04 05:30:00,C0157,P004,5,1451.77,0,Credit Card,Store,2026-03-05 23:59:00,orders_batch_1,INVALID_DATE
O000252,2026-03-20 19:16:00,C0023,P018,6,549.89,5,Cash,Online,2026-03-21 23:59:00,orders_batch_1,INVALID_DATE
O000253,2026-03-19 09:47:00,C0012,P035,5,997.99,10,Bank Transfer,Marketplace,2026-03-20 23:59:00,orders_batch_1,INVALID_DATE
O000254,2026-01-04 03:25:00,C0002,P043,6,THB 1295.01,15,PromptPay,Online,2026-01-05 23:59:00,orders_batch_1,INVALID_DATE|INVALID_UNIT_PRICE
O000255,2026-02-13 04:34:00,C0020,P036,2,220.86,0,Cash,Online,2026-02-14 23:59:00,orders_batch_1,INVALID_DATE
O000256,2026-02-17 18:00:00,C0076,P001,4,29.67,0,PromptPay,Online,2026-02-18 23:59:00,orders_batch_1,INVALID_DATE
O000257,2026-01-25 05:24:00,C0128,P026,3,1185.43,5,Bank Transfer,Marketplace,2026-01-26 23:59:00,orders_batch_1,INVALID_DATE
O000258,2026-03-13 11:31:00,C0058,P017,1,1281.37,0,Bank Transfer,Online,2026-03-14 23:59:00,orders_batch_1,INVALID_DATE
O000259,2026-02-19 07:55:00,C0103,P015,2,320.33,0,Bank Transfer,Marketplace,2026-02-20 23:59:00,orders_batch_1,INVALID_DATE
O000260,2026-01-05 00:59:00,C0085,P011,5,616.6,10,Bank Transfer,Store,2026-01-06 23:59:00,orders_batch_1,INVALID_DATE
O000261,2026-03-05 23:41:00,C0067,P032,4,624.66,10,Bank Transfer,Store,2026-03-06 23:59:00,orders_batch_1,INVALID_DATE
O000262,not-a-date,C0097,P044,5,766,0,Credit Card,Store,2026-02-03 23:59:00,orders_batch_1,INVALID_DATE
O000263,2026-02-09 06:28:00,C0030,P008,5,292.37,0,Bank Transfer,Marketplace,2026-02-10 23:59:00,orders_batch_1,INVALID_DATE
O000264,2026-03-08 05:44:00,C0167,P005,1,649.9,15,Bank Transfer,Marketplace,2026-03-09 23:59:00,orders_batch_1,INVALID_DATE
O000265,2026-02-08 19:02:00,C0179,P004,3,1451.77,0,Bank Transfer,Online,2026-02-09 23:59:00,orders_batch_1,INVALID_DATE
O000266,2026-02-04 14:17:00,C0024,P012,3,855.72,15,Cash,Marketplace,2026-02-05 23:59:00,orders_batch_1,INVALID_DATE
O000267,2026-01-02 16:42:00,C0095,P042,-2,733.19,0,PromptPay,Marketplace,2026-01-03 23:59:00,orders_batch_1,INVALID_DATE|INVALID_QUANTITY
O000268,2026-02-17 18:12:00,C0110,P029,3,450.41,0,Credit Card,Online,2026-02-18 23:59:00,orders_batch_1,INVALID_DATE
O000269,2026-03-08 15:10:00,C0075,P008,5,292.37,0,Bank Transfer,Store,2026-03-09 23:59:00,orders_batch_1,INVALID_DATE
O000270,2026-01-23 09:57:00,C0143,P002,5,204.81,0,PromptPay,Online,2026-01-24 23:59:00,orders_batch_1,INVALID_DATE
O000271,2026-01-22 17:17:00,C0033,P013,3,848.73,0,Cash,Online,2026-01-23 23:59:00,orders_batch_1,INVALID_DATE
O000272,2026-03-07 03:20:00,C0117,P035,3,997.99,15,Credit Card,Online,2026-03-08 23:59:00,orders_batch_1,INVALID_DATE
O000273,2026-02-02 16:36:00,C0070,P048,6,211.32,5,Bank Transfer,Online,2026-02-03 23:59:00,orders_batch_1,INVALID_DATE
O000274,2026-01-29 07:55:00,C0097,P039,6,688.83,0,Credit Card,E-Commerce,2026-01-30 23:59:00,orders_batch_1,INVALID_DATE
O000275,2026-01-19 01:32:00,C0155,P006,2,967.02,10,PromptPay,Store,2026-01-20 23:59:00,orders_batch_1,INVALID_DATE
O000276,2026-02-08 00:31:00,C0130,P022,3,840.27,0,Credit Card,Store,2026-02-09 23:59:00,orders_batch_1,INVALID_DATE
O000277,2026-01-26 21:29:00,C0100,P041,5,1291.92,15,PromptPay,Online,2026-01-27 23:59:00,orders_batch_1,INVALID_DATE
O000278,2026-02-01 02:14:00,C0022,P035,4,,0,PromptPay,Marketplace,2026-02-02 23:59:00,orders_batch_1,INVALID_DATE|INVALID_UNIT_PRICE
O000279,2026-02-17 02:25:00,C0148,P011,6,616.6,5,Bank Transfer,Marketplace,2026-02-18 23:59:00,orders_batch_1,INVALID_DATE
O000280,2026-03-16 18:23:00,C0120,P013,6,848.73,0,Cash,Store,2026-03-17 23:59:00,orders_batch_1,INVALID_DATE
O000281,2026-01-16 22:10:00,C0015,P038,6,979.4,15,Bank Transfer,Marketplace,2026-01-17 23:59:00,orders_batch_1,INVALID_DATE
O000282,2026-01-15 11:25:00,C0006,P028,2,386.57,15,Bank Transfer,Online,2026-01-16 23:59:00,orders_batch_1,INVALID_DATE
O000283,2026-01-09 02:52:00,C0055,P009,6,192.56,0,Bank Transfer,Online,2026-01-10 23:59:00,orders_batch_1,INVALID_DATE
O000284,2026-01-05 17:05:00,C0110,P017,3,1281.37,10,Cash,Online,2026-01-06 23:59:00,orders_batch_1,INVALID_DATE
O000285,2026-03-06 23:39:00,C0092,P041,1,1291.92,10,Credit Card,Store,2026-03-07 23:59:00,orders_batch_1,INVALID_DATE
O000286,2026-01-23 08:08:00,C0072,P006,5,967.02,15,Bank Transfer,Online,2026-01-24 23:59:00,orders_batch_1,INVALID_DATE
O000287,2026-02-01 08:16:00,C0096,P021,6,1114.51,0,Credit Card,Marketplace,2026-02-02 23:59:00,orders_batch_1,INVALID_DATE
O000288,2026-01-26 19:11:00,C0054,P035,1,997.99,0,Bank Transfer,Store,2026-01-27 23:59:00,orders_batch_1,INVALID_DATE
O000289,2026-03-17 21:37:00,C0176,P011,2,616.6,10,Credit Card,Online,2026-03-18 23:59:00,orders_batch_1,INVALID_DATE
O000290,2026-01-15 19:40:00,C0114,P008,3,292.37,15,Cash,Marketplace,2026-01-16 23:59:00,orders_batch_1,INVALID_DATE
O000291,31/02/2026 10:00,C0165,P041,2,1291.92,0,Cash,Online,2026-01-06 23:59:00,orders_batch_1,INVALID_DATE
O000292,2026-01-17 02:36:00,C0085,P015,5,320.33,15,Cash,Marketplace,2026-01-18 23:59:00,orders_batch_1,INVALID_DATE
O000293,2026-03-14 01:07:00,C0008,P023,5,784.71,0,Bank Transfer,Store,2026-03-15 23:59:00,orders_batch_1,INVALID_DATE
O000294,2026-03-02 19:07:00,C0123,P019,1,1281.45,0,Cash,Store,2026-03-03 23:59:00,orders_batch_1,INVALID_DATE
O000295,2026-02-13 04:11:00,C0049,P026,4,1185.43,15,Cash,Online,2026-02-14 23:59:00,orders_batch_1,INVALID_DATE
O000296,2026-01-15 16:25:00,C0045,P020,5,62.79,10,Credit Card,Marketplace,2026-01-16 23:59:00,orders_batch_1,INVALID_DATE
O000297,2026-02-21 23:43:00,C0106,P023,6,784.71,0,PromptPay,Marketplace,2026-02-22 23:59:00,orders_batch_1,INVALID_DATE
O000298,2026-01-14 00:46:00,C9999,P037,2,185.91,10,Bank Transfer,Store,2026-01-15 23:59:00,orders_batch_1,INVALID_DATE|CUSTOMER_NOT_FOUND
O000299,2026-01-10 03:17:00,C0059,P007,1,619.54,15,Cash,Store,2026-01-11 23:59:00,orders_batch_1,INVALID_DATE
O000300,2026-01-24 15:13:00,C0180,P004,2,1451.77,0,PromptPay,Online,2026-01-25 23:59:00,orders_batch_1,INVALID_DATE
O000301,2026-03-01 13:53:00,C0116,P004,3,1451.77,10,Bank Transfer,Marketplace,2026-03-02 23:59:00,orders_batch_1,INVALID_DATE
O000302,2026-02-11 11:01:00,C0126,P042,5,733.19,15,Credit Card,Store,2026-02-12 23:59:00,orders_batch_1,INVALID_DATE
O000303,2026-03-02 22:11:00,C0137,P007,4,619.54,120,PromptPay,Online,2026-03-03 23:59:00,orders_batch_1,INVALID_DATE|INVALID_DISCOUNT
O000304,2026-03-10 22:41:00,C0024,P022,6,840.27,10,Credit Card,Marketplace,2026-03-11 23:59:00,orders_batch_1,INVALID_DATE
O000305,2026-02-09 19:51:00,C0008,P013,6,848.73,0,PromptPay,Marketplace,2026-02-10 23:59:00,orders_batch_1,INVALID_DATE
O000306,2026-02-21 09:55:00,C0073,P035,6,997.99,10,Credit Card,Online,2026-02-22 23:59:00,orders_batch_1,INVALID_DATE
O000307,2026-01-06 15:24:00,C0097,P038,1,979.4,10,Bank Transfer,Marketplace,2026-01-07 23:59:00,orders_batch_1,INVALID_DATE
O000308,2026-03-19 05:11:00,C0139,P003,6,344.85,15,Bank Transfer,Online,2026-03-20 23:59:00,orders_batch_1,INVALID_DATE
O000309,2026-03-08 20:13:00,C0055,P016,4,878.59,0,Bank Transfer,Store,2026-03-09 23:59:00,orders_batch_1,INVALID_DATE
O000310,2026-01-22 15:14:00,C0025,P027,2,817.79,15,PromptPay,Online,2026-01-23 23:59:00,orders_batch_1,INVALID_DATE
O000311,2026-02-02 06:59:00,C0063,P024,3,241.87,10,Bank Transfer,Store,2026-02-03 23:59:00,orders_batch_1,INVALID_DATE
O000312,2026-03-04 17:50:00,C0048,P028,6,386.57,0,Bank Transfer,Marketplace,2026-03-05 23:59:00,orders_batch_1,INVALID_DATE
O000313,2026-03-16 11:13:00,C0023,P029,2,450.41,0,Cash,Store,2026-03-17 23:59:00,orders_batch_1,INVALID_DATE
O000314,2026-01-15 07:27:00,C0013,P008,1,292.37,0,PromptPay,Online,2026-01-16 23:59:00,orders_batch_1,INVALID_DATE
O000315,2026-02-20 12:27:00,C0058,P022,6,840.27,0,Credit Card,Online,2026-02-21 23:59:00,orders_batch_1,INVALID_DATE
O000316,2026-02-27 15:18:00,C0174,P032,4,624.66,15,Credit Card,Online,2026-02-28 23:59:00,orders_batch_1,INVALID_DATE
O000317,2026-02-20 08:58:00,C0065,P030,3,915.53,15,PromptPay,Online,2026-02-21 23:59:00,orders_batch_1,INVALID_DATE
O000318,2026-01-02 00:14:00,C0134,P017,5,1281.37,0,Credit Card,Store,2026-01-03 23:59:00,orders_batch_1,INVALID_DATE
O000319,2026-02-11 16:55:00,C0076,P042,4,733.19,15,PromptPay,Marketplace,2026-02-12 23:59:00,orders_batch_1,INVALID_DATE
O000320,2026-01-13 10:04:00,C0140,P031,6,599.9,10,Cash,Store,2026-01-14 23:59:00,orders_batch_1,INVALID_DATE
O000321,2026-01-12 07:42:00,C0073,P999,5,624.66,10,Bank Transfer,Online,2026-01-13 23:59:00,orders_batch_1,INVALID_DATE|PRODUCT_NOT_FOUND
O000322,2026-01-16 02:13:00,C0094,P030,6,915.53,0,Credit Card,Marketplace,2026-01-17 23:59:00,orders_batch_1,INVALID_DATE
O000323,2026-02-19 00:02:00,C0025,P043,4,1295.01,0,Cash,Online,2026-02-20 23:59:00,orders_batch_1,INVALID_DATE
O000324,2026-01-18 18:14:00,C0068,P019,6,1281.45,10,Credit Card,Online,2026-01-19 23:59:00,orders_batch_1,INVALID_DATE
O000325,2026-02-15 22:23:00,C0064,P003,4,344.85,5,PromptPay,Marketplace,2026-02-16 23:59:00,orders_batch_1,INVALID_DATE
O000326,2026-02-27 17:17:00,C0043,P026,6,1185.43,10,Bank Transfer,Store,2026-02-28 23:59:00,orders_batch_1,INVALID_DATE
O000327,2026-03-07 02:00:00,C0067,P037,2,185.91,5,cash,Store,2026-03-08 23:59:00,orders_batch_1,INVALID_DATE
O000328,2026-02-15 04:53:00,C0013,P030,2,915.53,15,PromptPay,Online,2026-02-16 23:59:00,orders_batch_1,INVALID_DATE
O000329,2026-01-15 23:15:00,C0066,P002,1,204.81,0,PromptPay,Store,2026-01-16 23:59:00,orders_batch_1,INVALID_DATE
O000330,2026-01-03 09:22:00,C0066,P039,5,688.83,0,Cash,Store,2026-01-04 23:59:00,orders_batch_1,INVALID_DATE
O000331,2026-01-28 00:36:00,C0119,P036,3,220.86,10,Cash,Store,2026-01-29 23:59:00,orders_batch_1,INVALID_DATE
O000332,2026-02-18 19:38:00,,P017,4,1281.37,0,Bank Transfer,Marketplace,2026-02-19 23:59:00,orders_batch_1,INVALID_DATE|CUSTOMER_NOT_FOUND
O000333,2026-02-23 08:30:00,C0004,P024,1,241.87,0,Bank Transfer,Store,2026-02-24 23:59:00,orders_batch_1,INVALID_DATE
O000334,2026-01-20 21:43:00,C0010,P020,3,62.79,0,Bank Transfer,Marketplace,2026-01-21 23:59:00,orders_batch_1,INVALID_DATE
O000335,2026-03-01 17:05:00,C0023,P048,3,211.32,10,PromptPay,Online,2026-03-02 23:59:00,orders_batch_1,INVALID_DATE
O000336,2026-01-22 12:54:00,C0096,P014,5,358.74,5,PromptPay,Online,2026-01-23 23:59:00,orders_batch_1,INVALID_DATE
O000337,2026-02-17 14:45:00,C0127,P015,1,320.33,0,Bank Transfer,Online,2026-02-18 23:59:00,orders_batch_1,INVALID_DATE
O000338,2026-01-22 02:17:00,C0150,P018,1,549.89,15,Credit Card,Store,2026-01-23 23:59:00,orders_batch_1,INVALID_DATE
O000339,2026-03-15 12:23:00,C0146,P014,three,358.74,0,Credit Card,Online,2026-03-16 23:59:00,orders_batch_1,INVALID_DATE|INVALID_QUANTITY
O000340,2026-02-01 03:01:00,C0096,P021,6,1114.51,0,PromptPay,Online,2026-02-02 23:59:00,orders_batch_1,INVALID_DATE
O000341,2026-03-05 16:11:00,C0053,P001,1,29.67,5,Cash,Online,2026-03-06 23:59:00,orders_batch_1,INVALID_DATE
O000342,2026-02-24 10:13:00,C0156,P034,1,530.09,15,Cash,Store,2026-02-25 23:59:00,orders_batch_1,INVALID_DATE
O000343,2026-02-19 09:59:00,C0044,P024,4,241.87,0,Credit Card,Store,2026-02-20 23:59:00,orders_batch_1,INVALID_DATE
O000344,2026-01-29 06:19:00,C0110,P012,6,855.72,0,Bank Transfer,Store,2026-01-30 23:59:00,orders_batch_1,INVALID_DATE
O000345,2026-02-23 14:35:00,C0105,P043,2,1295.01,0,Bank Transfer,Online,2026-02-24 23:59:00,orders_batch_1,INVALID_DATE
O000346,2026-02-06 02:01:00,C0176,P039,6,688.83,0,Bank Transfer,Store,2026-02-07 23:59:00,orders_batch_1,INVALID_DATE
O000347,2026-02-23 03:19:00,C0077,P044,2,766,0,Credit Card,Online,2026-02-24 23:59:00,orders_batch_1,INVALID_DATE
O000348,2026-01-31 10:32:00,C0110,P045,3,1459.08,10,Credit Card,Store,2026-02-01 23:59:00,orders_batch_1,INVALID_DATE
O000349,2026-01-28 00:34:00,C0066,P037,3,185.91,0,Credit Card,Marketplace,2026-01-29 23:59:00,orders_batch_1,INVALID_DATE
O000350,2026-03-12 21:39:00,C0171,P017,6,1281.37,0,PromptPay,Store,2026-03-13 23:59:00,orders_batch_1,INVALID_DATE
O000351,2026-03-12 01:42:00,C0105,P003,3,344.85,5,Cash,Marketplace,2026-03-13 23:59:00,orders_batch_1,INVALID_DATE
O000352,2026-03-06 05:27:00,C0032,P038,2,979.4,15,Credit Card,Marketplace,2026-03-07 23:59:00,orders_batch_1,INVALID_DATE
O000353,2026-01-18 11:42:00,C0180,P012,1,855.72,10,PromptPay,Store,2026-01-19 23:59:00,orders_batch_1,INVALID_DATE
O000354,2026-01-08 08:50:00,C0124,P018,2,549.89,0,Bank Transfer,Online,2026-01-09 23:59:00,orders_batch_1,INVALID_DATE
O000355,2026-02-21 05:01:00,C0072,P023,5,784.71,0,Bank Transfer,Online,2026-02-22 23:59:00,orders_batch_1,INVALID_DATE
O000356,2026-01-19 11:29:00,C0146,P042,-2,733.19,0,Bank Transfer,Store,2026-01-20 23:59:00,orders_batch_1,INVALID_DATE|INVALID_QUANTITY
O000357,2026-02-14 14:16:00,C0158,P048,3,211.32,10,Credit Card,Online,2026-02-15 23:59:00,orders_batch_1,INVALID_DATE
O000358,2026-01-31 10:05:00,C0063,P006,3,967.02,0,Bank Transfer,Marketplace,2026-02-01 23:59:00,orders_batch_1,INVALID_DATE
O000359,2026-01-27 16:46:00,C0091,P035,6,997.99,5,Cash,Online,2026-01-28 23:59:00,orders_batch_1,INVALID_DATE
O000360,2026-01-16 00:45:00,C0040,P004,2,1451.77,15,Bank Transfer,Online,2026-01-17 23:59:00,orders_batch_1,INVALID_DATE
O000361,2026-03-12 03:11:00,C0041,P016,3,878.59,10,Credit Card,Marketplace,2026-03-13 23:59:00,orders_batch_1,INVALID_DATE
O000362,2026-03-16 10:18:00,C0091,P001,4,29.67,15,Credit Card,Store,2026-03-17 23:59:00,orders_batch_1,INVALID_DATE
O000363,2026-01-15 21:00:00,C0086,P020,4,62.79,10,Cash,Online,2026-01-16 23:59:00,orders_batch_1,INVALID_DATE
O000364,2026-03-17 17:38:00,C0069,P035,5,997.99,0,Cash,Online,2026-03-18 23:59:00,orders_batch_1,INVALID_DATE
O000365,2026-02-05 08:55:00,C0012,P021,2,1114.51,0,Cash,Store,2026-02-06 23:59:00,orders_batch_1,INVALID_DATE
O000366,2026-02-21 16:10:00,C0155,P021,6,1114.51,15,Bank Transfer,Store,2026-02-22 23:59:00,orders_batch_1,INVALID_DATE
O000367,2026-02-04 08:35:00,C0121,P008,1,292.37,5,Bank Transfer,Store,2026-02-05 23:59:00,orders_batch_1,INVALID_DATE
O000368,2026-01-28 01:58:00,C0147,P001,1,29.67,0,Cash,Online,2026-01-29 23:59:00,orders_batch_1,INVALID_DATE
O000369,2026-01-08 13:31:00,C0050,P022,4,840.27,10,Credit Card,Marketplace,2026-01-09 23:59:00,orders_batch_1,INVALID_DATE
O000370,2026-02-13 22:26:00,C0045,P024,2,241.87,15,Bank Transfer,Online,2026-02-14 23:59:00,orders_batch_1,INVALID_DATE
O000371,2026-02-09 02:38:00,C0098,P034,4,530.09,10,Cash,Marketplace,2026-02-10 23:59:00,orders_batch_1,INVALID_DATE
O000372,2026-01-08 00:29:00,C0164,P045,3,1459.08,5,PromptPay,Online,2026-01-09 23:59:00,orders_batch_1,INVALID_DATE
O000373,2026-01-17 11:27:00,C0016,P003,5,344.85,10,PromptPay,Online,2026-01-18 23:59:00,orders_batch_1,INVALID_DATE
O000374,2026-02-10 21:50:00,C0143,P006,5,967.02,0,Bank Transfer,Online,2026-02-11 23:59:00,orders_batch_1,INVALID_DATE
O000375,2026-03-03 21:52:00,C0068,P032,1,624.66,5,Bank Transfer,Marketplace,2026-03-04 23:59:00,orders_batch_1,INVALID_DATE
O000376,2026-02-27 12:55:00,C0081,P034,3,530.09,0,Credit Card,Store,2026-02-28 23:59:00,orders_batch_1,INVALID_DATE
O000377,2026-02-12 11:18:00,C0086,P019,1,1281.45,5,Credit Card,Marketplace,2026-02-13 23:59:00,orders_batch_1,INVALID_DATE
O000378,2026-01-31 07:22:00,C0089,P025,5,833.67,0,Cash,Online,2026-02-01 23:59:00,orders_batch_1,INVALID_DATE
O000379,2026-01-27 19:32:00,C0092,P028,3,386.57,0,Bank Transfer,Online,2026-01-28 23:59:00,orders_batch_1,INVALID_DATE
O000380,2026-03-17 09:08:00,C0097,P033,2,654.4,5,Cash,Store,2026-03-18 23:59:00,orders_batch_1,INVALID_DATE
O000381,2026-01-17 13:54:00,C0054,P005,1,THB 649.9,10,Credit Card,Marketplace,2026-01-18 23:59:00,orders_batch_1,INVALID_DATE|INVALID_UNIT_PRICE
O000382,2026-01-08 21:13:00,C0113,P021,6,1114.51,5,Cash,Online,2026-01-09 23:59:00,orders_batch_1,INVALID_DATE
O000383,2026-02-04 15:05:00,C0087,P009,2,192.56,0,Bank Transfer,Marketplace,2026-02-05 23:59:00,orders_batch_1,INVALID_DATE
O000384,2026-02-23 11:04:00,C0116,P016,5,878.59,0,Bank Transfer,Online,2026-02-24 23:59:00,orders_batch_1,INVALID_DATE
O000385,2026-01-11 17:31:00,C0010,P035,5,997.99,0,Cash,Store,2026-01-12 23:59:00,orders_batch_1,INVALID_DATE
O000386,2026-03-13 00:14:00,C0143,P036,3,220.86,10,PromptPay,Marketplace,2026-03-14 23:59:00,orders_batch_1,INVALID_DATE
O000387,2026-02-28 22:39:00,C0136,P009,4,192.56,0,Credit Card,Store,2026-03-01 23:59:00,orders_batch_1,INVALID_DATE
O000388,31/02/2026 10:00,C0086,P027,1,817.79,15,Bank Transfer,Marketplace,2026-01-25 23:59:00,orders_batch_1,INVALID_DATE
O000389,2026-02-15 20:43:00,C0124,P018,4,549.89,15,Cash,Store,2026-02-16 23:59:00,orders_batch_1,INVALID_DATE
O000390,2026-03-17 09:05:00,C0067,P041,3,1291.92,0,PromptPay,Online,2026-03-18 23:59:00,orders_batch_1,INVALID_DATE
O000391,2026-02-17 11:03:00,C0154,P047,2,613.02,15,Bank Transfer,Marketplace,2026-02-18 23:59:00,orders_batch_1,INVALID_DATE
O000392,2026-02-05 18:02:00,C0156,P038,1,979.4,0,Credit Card,Store,2026-02-06 23:59:00,orders_batch_1,INVALID_DATE
O000393,not-a-date,C0148,P037,5,185.91,10,Bank Transfer,Online,2026-02-25 23:59:00,orders_batch_1,INVALID_DATE
O000394,2026-01-12 18:23:00,C0140,P012,3,855.72,15,Cash,Online,2026-01-13 23:59:00,orders_batch_1,INVALID_DATE
O000395,2026-03-10 09:47:00,C0022,P043,4,1295.01,0,Cash,Online,2026-03-11 23:59:00,orders_batch_1,INVALID_DATE
O000396,2026-01-14 04:11:00,C0156,P022,2,840.27,0,Credit Card,Marketplace,2026-01-15 23:59:00,orders_batch_1,INVALID_DATE
O000397,2026-01-24 01:39:00,C0054,P046,1,187.09,5,Cash,Marketplace,2026-01-25 23:59:00,orders_batch_1,INVALID_DATE
O000398,2026-02-07 02:21:00,C0150,P012,1,855.72,5,Credit Card,Marketplace,2026-02-08 23:59:00,orders_batch_1,INVALID_DATE
O000399,2026-01-04 08:31:00,C0076,P009,2,192.56,10,Cash,Store,2026-01-05 23:59:00,orders_batch_1,INVALID_DATE
O000400,2026-01-08 11:54:00,C0143,P032,2,624.66,10,PromptPay,Store,2026-01-09 23:59:00,orders_batch_1,INVALID_DATE
O000401,2026-01-04 10:18:00,C0166,P020,1,62.79,10,Credit Card,Online,2026-01-05 23:59:00,orders_batch_1,INVALID_DATE
O000402,2026-02-22 19:52:00,C0006,P031,4,599.9,10,Bank Transfer,Marketplace,2026-02-23 23:59:00,orders_batch_1,INVALID_DATE
O000403,2026-03-04 05:47:00,C0087,P026,5,1185.43,0,Cash,Online,2026-03-05 23:59:00,orders_batch_1,INVALID_DATE
O000404,2026-01-30 04:14:00,C0163,P016,5,878.59,120,Credit Card,Store,2026-01-31 23:59:00,orders_batch_1,INVALID_DATE|INVALID_DISCOUNT
O000405,2026-03-16 03:18:00,C0141,P003,6,344.85,10,PromptPay,Store,2026-03-17 23:59:00,orders_batch_1,INVALID_DATE
O000406,2026-02-27 02:02:00,C0115,P040,3,1472.44,10,Cash,Online,2026-02-28 23:59:00,orders_batch_1,INVALID_DATE
O000407,2026-03-12 23:51:00,C0135,P007,4,619.54,15,Credit Card,Marketplace,2026-03-13 23:59:00,orders_batch_1,INVALID_DATE
O000408,2026-01-08 23:07:00,C0156,P002,2,204.81,15,Credit Card,Online,2026-01-09 23:59:00,orders_batch_1,INVALID_DATE
O000409,2026-03-03 01:45:00,C0109,P032,1,624.66,10,Credit Card,Online,2026-03-04 23:59:00,orders_batch_1,INVALID_DATE
O000410,2026-02-20 02:21:00,C0142,P026,5,1185.43,10,Bank Transfer,Store,2026-02-21 23:59:00,orders_batch_1,INVALID_DATE
O000411,2026-02-08 09:11:00,C0156,P019,2,1281.45,0,PromptPay,E-Commerce,2026-02-09 23:59:00,orders_batch_1,INVALID_DATE
O000412,2026-03-03 09:07:00,C0058,P017,6,1281.37,15,Cash,Online,2026-03-04 23:59:00,orders_batch_1,INVALID_DATE
O000413,2026-03-13 21:03:00,C0169,P022,6,840.27,15,PromptPay,Marketplace,2026-03-14 23:59:00,orders_batch_1,INVALID_DATE
O000414,2026-02-07 00:32:00,C0017,P020,3,62.79,10,Credit Card,Marketplace,2026-02-08 23:59:00,orders_batch_1,INVALID_DATE
O000415,2026-01-12 21:48:00,,P030,1,915.53,10,Credit Card,Marketplace,2026-01-13 23:59:00,orders_batch_1,INVALID_DATE|CUSTOMER_NOT_FOUND
O000416,2026-03-08 05:36:00,C0026,P027,3,817.79,5,Credit Card,Store,2026-03-09 23:59:00,orders_batch_1,INVALID_DATE
O000417,2026-02-09 22:58:00,C0021,P011,3,,0,Bank Transfer,Marketplace,2026-02-10 23:59:00,orders_batch_1,INVALID_DATE|INVALID_UNIT_PRICE
O000418,2026-02-02 20:13:00,C0078,P045,2,1459.08,0,Credit Card,Marketplace,2026-02-03 23:59:00,orders_batch_1,INVALID_DATE
O000419,2026-03-02 17:35:00,C0028,P048,1,211.32,10,Bank Transfer,Store,2026-03-03 23:59:00,orders_batch_1,INVALID_DATE
O000420,2026-02-04 08:18:00,C0028,P031,6,599.9,0,PromptPay,Online,2026-02-05 23:59:00,orders_batch_1,INVALID_DATE
O000421,2026-03-01 04:46:00,C0070,P044,6,766,10,Credit Card,Online,2026-03-03 23:59:00,orders_batch_2,INVALID_DATE
O000422,2026-04-08 17:10:00,C0154,P025,1,833.67,5,Bank Transfer,Online,2026-04-10 23:59:00,orders_batch_2,INVALID_DATE
O000423,2026-04-08 22:13:00,C0135,P036,4,220.86,0,Cash,Store,2026-04-10 23:59:00,orders_batch_2,INVALID_DATE
O000424,2026-04-28 06:15:00,C0090,P018,1,549.89,10,Cash,Store,2026-04-30 23:59:00,orders_batch_2,INVALID_DATE
O000425,2026-04-10 04:31:00,C0107,P027,3,817.79,0,Credit Card,Store,2026-04-12 23:59:00,orders_batch_2,INVALID_DATE
O000426,2026-03-08 19:59:00,C0152,P033,1,654.4,10,Bank Transfer,Marketplace,2026-03-10 23:59:00,orders_batch_2,INVALID_DATE
O000427,2026-03-16 04:18:00,C0059,P041,3,1291.92,0,Cash,Store,2026-03-18 23:59:00,orders_batch_2,INVALID_DATE
O000428,2026-04-04 13:52:00,C0150,P999,4,450.41,15,PromptPay,Marketplace,2026-04-06 23:59:00,orders_batch_2,INVALID_DATE|PRODUCT_NOT_FOUND
O000429,2026-04-20 03:52:00,C0048,P011,4,616.6,15,PromptPay,Marketplace,2026-04-22 23:59:00,orders_batch_2,INVALID_DATE
O000430,2026-02-20 11:01:00,C0071,P033,4,654.4,15,Cash,Online,2026-02-22 23:59:00,orders_batch_2,INVALID_DATE
O000431,2026-04-21 15:59:00,C0009,P039,2,688.83,0,Cash,Store,2026-04-23 23:59:00,orders_batch_2,INVALID_DATE
O000432,2026-03-05 12:34:00,C0019,P014,2,358.74,0,Credit Card,Online,2026-03-07 23:59:00,orders_batch_2,INVALID_DATE
O000433,2026-02-23 15:05:00,C0013,P007,1,619.54,5,Cash,Online,2026-02-25 23:59:00,orders_batch_2,INVALID_DATE
O000434,2026-04-01 22:12:00,C0093,P004,2,1451.77,15,Credit Card,Online,2026-04-03 23:59:00,orders_batch_2,INVALID_DATE
O000435,2026-02-18 11:00:00,C0049,P038,6,979.4,0,Credit Card,Online,2026-02-20 23:59:00,orders_batch_2,INVALID_DATE
O000436,2026-03-23 22:09:00,C0104,P036,2,220.86,0,credit card,Marketplace,2026-03-25 23:59:00,orders_batch_2,INVALID_DATE
O000437,2026-04-17 06:06:00,C0177,P015,5,320.33,0,Cash,Online,2026-04-19 23:59:00,orders_batch_2,INVALID_DATE
O000438,2026-03-14 17:08:00,C0053,P041,4,1291.92,10,Credit Card,Store,2026-03-16 23:59:00,orders_batch_2,INVALID_DATE
O000439,2026-03-27 15:57:00,C0090,P039,5,688.83,15,Credit Card,Online,2026-03-29 23:59:00,orders_batch_2,INVALID_DATE
O000440,2026-05-01 06:55:00,C0047,P044,6,766,0,PromptPay,Store,2026-05-03 23:59:00,orders_batch_2,INVALID_DATE
O000441,2026-04-19 09:45:00,C0096,P005,1,649.9,0,Cash,Store,2026-04-21 23:59:00,orders_batch_2,INVALID_DATE
O000442,2026-03-03 17:25:00,C0090,P021,6,1114.51,0,Bank Transfer,Marketplace,2026-03-05 23:59:00,orders_batch_2,INVALID_DATE
O000443,2026-04-16 21:23:00,C0030,P012,5,855.72,10,Credit Card,Marketplace,2026-04-18 23:59:00,orders_batch_2,INVALID_DATE
O000444,2026-04-05 21:12:00,C0020,P011,2,616.6,5,Credit Card,Marketplace,2026-04-07 23:59:00,orders_batch_2,INVALID_DATE
O000445,2026-03-24 01:46:00,C0015,P039,-2,688.83,0,PromptPay,Store,2026-03-26 23:59:00,orders_batch_2,INVALID_DATE|INVALID_QUANTITY
O000446,2026-03-16 11:03:00,C0066,P030,3,915.53,0,Cash,Online,2026-03-18 23:59:00,orders_batch_2,INVALID_DATE
O000447,2026-02-16 15:50:00,C9999,P001,4,29.67,5,PromptPay,Online,2026-02-18 23:59:00,orders_batch_2,INVALID_DATE|CUSTOMER_NOT_FOUND
O000448,2026-02-24 08:43:00,C0086,P043,2,1295.01,10,PromptPay,Store,2026-02-26 23:59:00,orders_batch_2,INVALID_DATE
O000449,2026-03-31 09:47:00,C0180,P006,3,967.02,15,Bank Transfer,Online,2026-04-02 23:59:00,orders_batch_2,INVALID_DATE
O000450,2026-03-09 03:39:00,C0031,P040,4,1472.44,15,Credit Card,Marketplace,2026-03-11 23:59:00,orders_batch_2,INVALID_DATE
O000451,2026-04-24 14:58:00,C0078,P019,2,1281.45,10,Credit Card,Store,2026-04-26 23:59:00,orders_batch_2,INVALID_DATE
O000452,2026-04-05 15:06:00,C0126,P036,three,220.86,0,Credit Card,Store,2026-04-07 23:59:00,orders_batch_2,INVALID_DATE|INVALID_QUANTITY
O000453,2026-04-24 18:39:00,C0017,P044,3,766,10,Credit Card,Online,2026-04-26 23:59:00,orders_batch_2,INVALID_DATE
O000454,2026-04-23 04:33:00,C0100,P041,4,1291.92,5,PromptPay,Online,2026-04-25 23:59:00,orders_batch_2,INVALID_DATE
O000455,2026-02-22 03:23:00,C0116,P002,6,204.81,0,Bank Transfer,Store,2026-02-24 23:59:00,orders_batch_2,INVALID_DATE
O000456,2026-03-17 14:20:00,C0168,P005,3,649.9,0,PromptPay,Marketplace,2026-03-19 23:59:00,orders_batch_2,INVALID_DATE
O000457,2026-02-21 12:00:00,C0131,P038,3,979.4,15,Credit Card,Online,2026-02-23 23:59:00,orders_batch_2,INVALID_DATE
O000458,2026-03-04 00:05:00,C0147,P035,1,997.99,5,Bank Transfer,Store,2026-03-06 23:59:00,orders_batch_2,INVALID_DATE
O000459,2026-03-25 01:55:00,C0037,P045,4,1459.08,15,PromptPay,Online,2026-03-27 23:59:00,orders_batch_2,INVALID_DATE
O000460,2026-02-18 19:03:00,C0085,P010,5,1366.97,0,Cash,Online,2026-02-20 23:59:00,orders_batch_2,INVALID_DATE
O000461,2026-02-16 13:23:00,C0092,P024,3,241.87,5,Credit Card,Online,2026-02-18 23:59:00,orders_batch_2,INVALID_DATE
O000462,2026-03-15 07:47:00,C0118,P005,5,649.9,15,PromptPay,Marketplace,2026-03-17 23:59:00,orders_batch_2,INVALID_DATE
O000463,2026-02-16 11:23:00,C0156,P048,4,211.32,0,PromptPay,Store,2026-02-18 23:59:00,orders_batch_2,INVALID_DATE
O000464,2026-02-26 14:52:00,C0039,P009,2,192.56,0,Bank Transfer,Store,2026-02-28 23:59:00,orders_batch_2,INVALID_DATE
O000465,2026-04-04 20:47:00,C0078,P048,2,211.32,0,PromptPay,Marketplace,2026-04-06 23:59:00,orders_batch_2,INVALID_DATE
O000466,2026-02-24 23:05:00,C0177,P040,4,1472.44,10,Bank Transfer,Marketplace,2026-02-26 23:59:00,orders_batch_2,INVALID_DATE
O000467,2026-04-20 23:57:00,C0078,P043,4,1295.01,5,PromptPay,Online,2026-04-22 23:59:00,orders_batch_2,INVALID_DATE
O000468,2026-04-01 16:17:00,C0013,P036,5,220.86,0,Cash,Online,2026-04-03 23:59:00,orders_batch_2,INVALID_DATE
O000469,2026-03-15 02:22:00,C0147,P029,2,450.41,10,PromptPay,Marketplace,2026-03-17 23:59:00,orders_batch_2,INVALID_DATE
O000470,2026-03-29 02:46:00,C0157,P009,5,192.56,0,Cash,Marketplace,2026-03-31 23:59:00,orders_batch_2,INVALID_DATE
O000471,2026-04-14 19:54:00,C0164,P011,6,616.6,15,Credit Card,Store,2026-04-16 23:59:00,orders_batch_2,INVALID_DATE
O000472,2026-04-26 10:44:00,C0067,P034,6,530.09,10,Bank Transfer,Online,2026-04-28 23:59:00,orders_batch_2,INVALID_DATE
O000473,2026-02-26 09:28:00,C0105,P044,2,766,0,PromptPay,Online,2026-02-28 23:59:00,orders_batch_2,INVALID_DATE
O000474,2026-03-22 05:32:00,C0129,P001,6,29.67,0,PromptPay,Marketplace,2026-03-24 23:59:00,orders_batch_2,INVALID_DATE
O000475,2026-03-30 09:15:00,C0086,P001,2,29.67,0,PromptPay,Marketplace,2026-04-01 23:59:00,orders_batch_2,INVALID_DATE
O000476,2026-04-18 17:49:00,C0115,P024,4,241.87,10,Bank Transfer,Marketplace,2026-04-20 23:59:00,orders_batch_2,INVALID_DATE
O000477,2026-03-17 08:24:00,C0098,P008,2,292.37,0,Cash,Online,2026-03-19 23:59:00,orders_batch_2,INVALID_DATE
O000478,2026-04-15 13:03:00,C0031,P044,2,766,15,Bank Transfer,Marketplace,2026-04-17 23:59:00,orders_batch_2,INVALID_DATE
O000479,2026-02-19 00:28:00,C0146,P007,6,619.54,5,PromptPay,Online,2026-02-21 23:59:00,orders_batch_2,INVALID_DATE
O000480,2026-02-18 11:01:00,C0050,P044,2,766,0,Credit Card,Marketplace,2026-02-20 23:59:00,orders_batch_2,INVALID_DATE
O000481,2026-03-03 19:31:00,C0142,P009,4,192.56,0,Cash,Marketplace,2026-03-05 23:59:00,orders_batch_2,INVALID_DATE
O000482,2026-05-05 10:31:00,C0095,P006,3,967.02,0,Credit Card,Store,2026-05-07 23:59:00,orders_batch_2,INVALID_DATE
O000483,2026-03-21 04:30:00,C0056,P012,3,855.72,15,Bank Transfer,Store,2026-03-23 23:59:00,orders_batch_2,INVALID_DATE
O000484,2026-04-18 07:59:00,C0009,P040,3,1472.44,0,Bank Transfer,Online,2026-04-20 23:59:00,orders_batch_2,INVALID_DATE
O000485,31/02/2026 10:00,C0077,P010,4,1366.97,5,Bank Transfer,Online,2026-05-05 23:59:00,orders_batch_2,INVALID_DATE
O000486,2026-04-30 05:47:00,C0078,P033,3,654.4,0,PromptPay,Online,2026-05-02 23:59:00,orders_batch_2,INVALID_DATE
O000487,2026-05-02 06:27:00,C0026,P025,6,833.67,0,Credit Card,Marketplace,2026-05-04 23:59:00,orders_batch_2,INVALID_DATE
O000488,2026-04-24 03:41:00,C0059,P045,3,1459.08,10,Bank Transfer,Marketplace,2026-04-26 23:59:00,orders_batch_2,INVALID_DATE
O000489,2026-03-07 00:04:00,C0034,P015,5,320.33,5,Bank Transfer,Store,2026-03-09 23:59:00,orders_batch_2,INVALID_DATE
O000490,2026-03-06 13:13:00,C0046,P002,1,204.81,15,PromptPay,Marketplace,2026-03-08 23:59:00,orders_batch_2,INVALID_DATE
O000491,2026-04-13 19:01:00,C0050,P034,4,530.09,0,Bank Transfer,Online,2026-04-15 23:59:00,orders_batch_2,INVALID_DATE
O000492,2026-04-11 07:44:00,C0099,P007,1,619.54,5,Bank Transfer,Marketplace,2026-04-13 23:59:00,orders_batch_2,INVALID_DATE
O000493,2026-03-11 09:37:00,C0111,P004,5,1451.77,5,Cash,Marketplace,2026-03-13 23:59:00,orders_batch_2,INVALID_DATE
O000494,2026-04-21 05:07:00,C0080,P016,5,878.59,5,Bank Transfer,Online,2026-04-23 23:59:00,orders_batch_2,INVALID_DATE
O000495,2026-04-26 08:21:00,C0148,P043,1,1295.01,0,Bank Transfer,Store,2026-04-28 23:59:00,orders_batch_2,INVALID_DATE
O000496,2026-05-03 01:38:00,C0075,P035,1,997.99,5,PromptPay,Store,2026-05-05 23:59:00,orders_batch_2,INVALID_DATE
O000497,2026-03-27 08:10:00,C0172,P029,6,450.41,10,Credit Card,Store,2026-03-29 23:59:00,orders_batch_2,INVALID_DATE
O000498,2026-04-30 23:16:00,,P035,3,997.99,0,Credit Card,Marketplace,2026-05-02 23:59:00,orders_batch_2,INVALID_DATE|CUSTOMER_NOT_FOUND
O000499,2026-04-22 07:50:00,C0072,P034,1,530.09,15,Cash,Marketplace,2026-04-24 23:59:00,orders_batch_2,INVALID_DATE
O000500,2026-04-24 16:55:00,C0112,P011,5,616.6,0,Cash,Store,2026-04-26 23:59:00,orders_batch_2,INVALID_DATE
O000501,2026-03-08 15:47:00,C0165,P017,3,1281.37,15,Credit Card,Marketplace,2026-03-10 23:59:00,orders_batch_2,INVALID_DATE
O000502,2026-03-24 06:55:00,C0123,P044,6,766,0,Cash,Store,2026-03-26 23:59:00,orders_batch_2,INVALID_DATE
O000503,2026-02-24 03:13:00,C0073,P033,6,654.4,0,Bank Transfer,Store,2026-02-26 23:59:00,orders_batch_2,INVALID_DATE
O000504,2026-04-19 17:26:00,C0047,P021,3,1114.51,10,Bank Transfer,Store,2026-04-21 23:59:00,orders_batch_2,INVALID_DATE
O000505,2026-03-25 23:29:00,C0154,P009,4,192.56,120,Cash,Marketplace,2026-03-27 23:59:00,orders_batch_2,INVALID_DATE|INVALID_DISCOUNT
O000506,2026-02-15 13:18:00,C0175,P015,4,320.33,5,Credit Card,Online,2026-02-17 23:59:00,orders_batch_2,INVALID_DATE
O000507,2026-02-16 23:54:00,C0046,P025,1,833.67,10,Credit Card,Store,2026-02-18 23:59:00,orders_batch_2,INVALID_DATE
O000508,2026-04-30 07:07:00,C0036,P013,5,THB 848.73,15,Credit Card,Online,2026-05-02 23:59:00,orders_batch_2,INVALID_DATE|INVALID_UNIT_PRICE
O000509,2026-03-24 04:58:00,C0028,P032,6,624.66,5,Bank Transfer,Online,2026-03-26 23:59:00,orders_batch_2,INVALID_DATE
O000510,2026-02-26 17:38:00,C0167,P031,4,599.9,0,Cash,Marketplace,2026-02-28 23:59:00,orders_batch_2,INVALID_DATE
O000511,2026-03-10 11:13:00,C0012,P048,4,211.32,10,Credit Card,Online,2026-03-12 23:59:00,orders_batch_2,INVALID_DATE
O000512,2026-04-20 22:01:00,C0180,P016,4,878.59,0,Cash,Store,2026-04-22 23:59:00,orders_batch_2,INVALID_DATE
O000513,2026-05-04 09:41:00,C0149,P022,4,840.27,0,Bank Transfer,Store,2026-05-06 23:59:00,orders_batch_2,INVALID_DATE
O000514,2026-04-25 17:50:00,C0172,P012,4,855.72,0,Bank Transfer,Online,2026-04-27 23:59:00,orders_batch_2,INVALID_DATE
O000515,2026-02-26 17:23:00,C0074,P046,2,187.09,0,Bank Transfer,Online,2026-02-28 23:59:00,orders_batch_2,INVALID_DATE
O000516,2026-04-20 23:34:00,C0039,P013,5,848.73,10,Cash,Store,2026-04-22 23:59:00,orders_batch_2,INVALID_DATE
O000517,2026-04-17 19:24:00,C0099,P012,2,855.72,15,Bank Transfer,Store,2026-04-19 23:59:00,orders_batch_2,INVALID_DATE
O000518,2026-03-17 21:44:00,C0117,P038,3,979.4,15,Bank Transfer,Store,2026-03-19 23:59:00,orders_batch_2,INVALID_DATE
O000519,2026-04-24 01:05:00,C0180,P025,4,833.67,0,PromptPay,Online,2026-04-26 23:59:00,orders_batch_2,INVALID_DATE
O000520,2026-03-31 12:09:00,C0027,P019,1,1281.45,0,PromptPay,Online,2026-04-02 23:59:00,orders_batch_2,INVALID_DATE
O000521,2026-04-11 17:15:00,C0126,P042,1,733.19,0,Cash,Marketplace,2026-04-13 23:59:00,orders_batch_2,INVALID_DATE
O000522,2026-04-30 14:30:00,C0031,P029,2,450.41,0,Cash,Store,2026-05-02 23:59:00,orders_batch_2,INVALID_DATE
O000523,2026-03-17 08:59:00,C0080,P034,2,530.09,15,PromptPay,Store,2026-03-19 23:59:00,orders_batch_2,INVALID_DATE
O000524,not-a-date,C0075,P009,3,192.56,0,Bank Transfer,Marketplace,2026-03-08 23:59:00,orders_batch_2,INVALID_DATE
O000525,2026-03-24 23:39:00,C0029,P018,5,549.89,10,Credit Card,Marketplace,2026-03-26 23:59:00,orders_batch_2,INVALID_DATE
O000526,2026-03-28 00:17:00,C0052,P036,4,220.86,10,Credit Card,Online,2026-03-30 23:59:00,orders_batch_2,INVALID_DATE
O000527,2026-04-12 04:48:00,C0091,P042,4,733.19,0,Bank Transfer,Online,2026-04-14 23:59:00,orders_batch_2,INVALID_DATE
O000528,2026-03-26 19:37:00,C0149,P021,4,1114.51,0,Bank Transfer,Online,2026-03-28 23:59:00,orders_batch_2,INVALID_DATE
O000529,2026-03-19 19:55:00,C0159,P047,3,613.02,0,Credit Card,Marketplace,2026-03-21 23:59:00,orders_batch_2,INVALID_DATE
O000530,2026-03-25 09:36:00,C0142,P017,1,1281.37,0,PromptPay,Online,2026-03-27 23:59:00,orders_batch_2,INVALID_DATE
O000531,2026-03-01 19:21:00,C0086,P028,1,386.57,10,Cash,Online,2026-03-03 23:59:00,orders_batch_2,INVALID_DATE
O000532,2026-03-20 08:31:00,C0094,P025,2,833.67,10,PromptPay,Online,2026-03-22 23:59:00,orders_batch_2,INVALID_DATE
O000533,2026-05-02 13:08:00,C0079,P025,5,833.67,0,PromptPay,Store,2026-05-04 23:59:00,orders_batch_2,INVALID_DATE
O000534,2026-03-22 19:50:00,C0044,P004,-2,1451.77,0,Bank Transfer,Online,2026-03-24 23:59:00,orders_batch_2,INVALID_DATE|INVALID_QUANTITY
O000535,2026-04-17 04:13:00,C0100,P999,5,649.9,15,Bank Transfer,Store,2026-04-19 23:59:00,orders_batch_2,INVALID_DATE|PRODUCT_NOT_FOUND
O000536,2026-04-13 15:20:00,C0056,P032,5,624.66,0,Credit Card,Store,2026-04-15 23:59:00,orders_batch_2,INVALID_DATE
O000537,2026-04-08 22:46:00,C0036,P037,5,185.91,0,PromptPay,Marketplace,2026-04-10 23:59:00,orders_batch_2,INVALID_DATE
O000538,2026-04-26 13:53:00,C0048,P032,2,624.66,0,Bank Transfer,Online,2026-04-28 23:59:00,orders_batch_2,INVALID_DATE
O000539,2026-02-24 20:30:00,C0062,P024,6,241.87,0,PromptPay,Store,2026-02-26 23:59:00,orders_batch_2,INVALID_DATE
O000540,2026-03-06 15:55:00,C0124,P023,3,784.71,0,PromptPay,Online,2026-03-08 23:59:00,orders_batch_2,INVALID_DATE
O000541,2026-05-02 06:08:00,C0137,P023,5,784.71,10,Credit Card,Store,2026-05-04 23:59:00,orders_batch_2,INVALID_DATE
O000542,2026-04-10 14:43:00,C0137,P034,6,530.09,0,Credit Card,Online,2026-04-12 23:59:00,orders_batch_2,INVALID_DATE
O000543,2026-04-16 19:52:00,C0173,P040,3,1472.44,5,Bank Transfer,Online,2026-04-18 23:59:00,orders_batch_2,INVALID_DATE
O000544,2026-03-13 21:16:00,C0167,P047,3,613.02,5,Cash,Online,2026-03-15 23:59:00,orders_batch_2,INVALID_DATE
O000545,2026-02-17 20:39:00,C0132,P017,2,1281.37,10,credit card,Marketplace,2026-02-19 23:59:00,orders_batch_2,INVALID_DATE
O000546,2026-02-17 10:44:00,C0158,P020,1,62.79,0,Credit Card,Store,2026-02-19 23:59:00,orders_batch_2,INVALID_DATE
O000547,2026-04-30 23:19:00,C0043,P014,3,358.74,15,PromptPay,Marketplace,2026-05-02 23:59:00,orders_batch_2,INVALID_DATE
O000548,2026-03-28 05:42:00,C0052,P039,3,688.83,5,Credit Card,E-Commerce,2026-03-30 23:59:00,orders_batch_2,INVALID_DATE
O000549,2026-03-17 04:23:00,C0019,P002,3,204.81,15,Bank Transfer,Marketplace,2026-03-19 23:59:00,orders_batch_2,INVALID_DATE
O000550,2026-04-19 20:37:00,C0104,P001,5,29.67,0,PromptPay,Online,2026-04-21 23:59:00,orders_batch_2,INVALID_DATE
O000551,2026-04-27 06:41:00,C0016,P007,1,619.54,5,PromptPay,Marketplace,2026-04-29 23:59:00,orders_batch_2,INVALID_DATE
O000552,2026-04-24 15:03:00,C0038,P034,1,530.09,10,PromptPay,Online,2026-04-26 23:59:00,orders_batch_2,INVALID_DATE
O000553,2026-02-19 18:26:00,C0135,P048,4,211.32,10,Bank Transfer,Marketplace,2026-02-21 23:59:00,orders_batch_2,INVALID_DATE
O000554,2026-03-01 05:38:00,C0008,P030,5,915.53,15,Cash,Marketplace,2026-03-03 23:59:00,orders_batch_2,INVALID_DATE
O000555,2026-03-29 17:14:00,C0178,P020,4,62.79,0,PromptPay,Marketplace,2026-03-31 23:59:00,orders_batch_2,INVALID_DATE
O000556,2026-04-21 06:20:00,C0177,P001,6,,0,PromptPay,Store,2026-04-23 23:59:00,orders_batch_2,INVALID_DATE|INVALID_UNIT_PRICE
O000557,2026-04-09 20:14:00,C0136,P042,1,733.19,5,Credit Card,Online,2026-04-11 23:59:00,orders_batch_2,INVALID_DATE
O000558,2026-02-25 14:21:00,C0075,P012,1,855.72,0,Credit Card,Store,2026-02-27 23:59:00,orders_batch_2,INVALID_DATE
O000559,2026-04-19 03:54:00,C0028,P023,6,784.71,5,PromptPay,Marketplace,2026-04-21 23:59:00,orders_batch_2,INVALID_DATE
O000560,2026-03-08 16:34:00,C0071,P001,3,29.67,0,Credit Card,Store,2026-03-10 23:59:00,orders_batch_2,INVALID_DATE
O000561,2026-03-30 08:37:00,C0126,P021,1,1114.51,0,Cash,Store,2026-04-01 23:59:00,orders_batch_2,INVALID_DATE
O000562,2026-02-22 00:57:00,C0083,P002,5,204.81,0,PromptPay,Store,2026-02-24 23:59:00,orders_batch_2,INVALID_DATE
O000563,2026-02-28 07:44:00,C0158,P014,3,358.74,5,Cash,Marketplace,2026-03-02 23:59:00,orders_batch_2,INVALID_DATE
O000564,2026-03-12 01:46:00,C0027,P016,1,878.59,15,Credit Card,Marketplace,2026-03-14 23:59:00,orders_batch_2,INVALID_DATE
O000565,2026-04-14 04:24:00,C0009,P033,three,654.4,5,Cash,Marketplace,2026-04-16 23:59:00,orders_batch_2,INVALID_DATE|INVALID_QUANTITY
O000566,2026-04-19 00:09:00,C0049,P038,2,979.4,10,Cash,Store,2026-04-21 23:59:00,orders_batch_2,INVALID_DATE
O000567,2026-03-12 07:57:00,C0011,P010,6,1366.97,0,Cash,Store,2026-03-14 23:59:00,orders_batch_2,INVALID_DATE
O000568,2026-04-28 23:15:00,C0045,P035,6,997.99,0,Credit Card,Online,2026-04-30 23:59:00,orders_batch_2,INVALID_DATE
O000569,2026-04-04 03:39:00,C0044,P018,2,549.89,0,PromptPay,Online,2026-04-06 23:59:00,orders_batch_2,INVALID_DATE
O000570,2026-03-19 23:59:00,C0007,P033,2,654.4,15,Bank Transfer,Online,2026-03-21 23:59:00,orders_batch_2,INVALID_DATE
O000571,2026-03-27 08:12:00,C0178,P032,5,624.66,15,Bank Transfer,Marketplace,2026-03-29 23:59:00,orders_batch_2,INVALID_DATE
O000572,2026-03-13 02:47:00,C0101,P002,4,204.81,0,Credit Card,Store,2026-03-15 23:59:00,orders_batch_2,INVALID_DATE
O000573,2026-03-24 10:12:00,C0039,P042,3,733.19,10,Bank Transfer,Marketplace,2026-03-26 23:59:00,orders_batch_2,INVALID_DATE
O000574,2026-02-16 21:06:00,C0091,P023,4,784.71,15,Bank Transfer,Store,2026-02-18 23:59:00,orders_batch_2,INVALID_DATE
O000575,2026-03-27 04:30:00,C0144,P001,1,29.67,15,PromptPay,Online,2026-03-29 23:59:00,orders_batch_2,INVALID_DATE
O000576,2026-03-05 06:11:00,C0032,P043,6,1295.01,0,PromptPay,Marketplace,2026-03-07 23:59:00,orders_batch_2,INVALID_DATE
O000577,2026-03-01 04:40:00,C0067,P029,3,450.41,10,PromptPay,Marketplace,2026-03-03 23:59:00,orders_batch_2,INVALID_DATE
O000578,2026-03-22 06:23:00,C0120,P029,5,450.41,0,Cash,Store,2026-03-24 23:59:00,orders_batch_2,INVALID_DATE
O000579,2026-05-04 08:33:00,C0035,P027,5,817.79,5,Cash,Marketplace,2026-05-06 23:59:00,orders_batch_2,INVALID_DATE
O000580,2026-04-12 17:23:00,C0079,P030,6,915.53,0,Credit Card,Online,2026-04-14 23:59:00,orders_batch_2,INVALID_DATE
O000581,2026-04-23 12:25:00,,P010,3,1366.97,15,Credit Card,Online,2026-04-25 23:59:00,orders_batch_2,INVALID_DATE|CUSTOMER_NOT_FOUND
O000582,31/02/2026 10:00,C0140,P009,4,192.56,0,PromptPay,Online,2026-04-22 23:59:00,orders_batch_2,INVALID_DATE
O000583,2026-04-11 10:27:00,C0079,P007,4,619.54,0,Cash,Store,2026-04-13 23:59:00,orders_batch_2,INVALID_DATE
O000584,2026-03-18 15:07:00,C0114,P034,3,530.09,15,PromptPay,Online,2026-03-20 23:59:00,orders_batch_2,INVALID_DATE
O000585,2026-02-23 03:56:00,C0108,P004,3,1451.77,0,Credit Card,Marketplace,2026-02-25 23:59:00,orders_batch_2,INVALID_DATE
O000586,2026-03-05 07:54:00,C0142,P028,5,386.57,10,Bank Transfer,Online,2026-03-07 23:59:00,orders_batch_2,INVALID_DATE
O000587,2026-02-15 00:10:00,C0110,P014,6,358.74,0,PromptPay,Store,2026-02-17 23:59:00,orders_batch_2,INVALID_DATE
O000588,2026-02-15 03:49:00,C0138,P010,6,1366.97,15,PromptPay,Store,2026-02-17 23:59:00,orders_batch_2,INVALID_DATE
O000589,2026-03-24 16:43:00,C0003,P004,4,1451.77,15,Cash,Store,2026-03-26 23:59:00,orders_batch_2,INVALID_DATE
O000590,2026-04-25 00:16:00,C0136,P012,3,855.72,5,PromptPay,Online,2026-04-27 23:59:00,orders_batch_2,INVALID_DATE
O000591,2026-03-23 20:05:00,C0115,P024,4,241.87,0,Credit Card,Online,2026-03-25 23:59:00,orders_batch_2,INVALID_DATE
O000592,2026-03-25 04:10:00,C0162,P012,1,855.72,15,Credit Card,Store,2026-03-27 23:59:00,orders_batch_2,INVALID_DATE
O000593,2026-04-19 12:44:00,C0031,P028,2,386.57,0,Bank Transfer,Online,2026-04-21 23:59:00,orders_batch_2,INVALID_DATE
O000594,2026-04-24 01:20:00,C0143,P043,4,1295.01,10,Credit Card,Store,2026-04-26 23:59:00,orders_batch_2,INVALID_DATE
O000595,2026-03-16 03:43:00,C0123,P006,2,967.02,5,Bank Transfer,Store,2026-03-18 23:59:00,orders_batch_2,INVALID_DATE
O000596,2026-03-31 05:33:00,C9999,P036,5,220.86,0,Cash,Online,2026-04-02 23:59:00,orders_batch_2,INVALID_DATE|CUSTOMER_NOT_FOUND
O000597,2026-04-22 17:39:00,C0168,P047,1,613.02,15,PromptPay,Store,2026-04-24 23:59:00,orders_batch_2,INVALID_DATE
O000598,2026-05-04 18:49:00,C0122,P005,4,649.9,0,PromptPay,Marketplace,2026-05-06 23:59:00,orders_batch_2,INVALID_DATE
O000599,2026-04-25 16:12:00,C0138,P017,1,1281.37,0,PromptPay,Store,2026-04-27 23:59:00,orders_batch_2,INVALID_DATE
O000600,2026-04-21 17:23:00,C0022,P025,1,833.67,10,PromptPay,Online,2026-04-23 23:59:00,orders_batch_2,INVALID_DATE
O000601,2026-03-23 07:55:00,C0068,P026,3,1185.43,5,Cash,Marketplace,2026-03-25 23:59:00,orders_batch_2,INVALID_DATE
O000602,2026-03-03 10:57:00,C0035,P011,6,616.6,15,Credit Card,Marketplace,2026-03-05 23:59:00,orders_batch_2,INVALID_DATE
O000603,2026-04-09 19:12:00,C0148,P033,2,654.4,0,PromptPay,Store,2026-04-11 23:59:00,orders_batch_2,INVALID_DATE
O000604,2026-03-05 17:57:00,C0155,P033,4,654.4,10,Cash,Online,2026-03-07 23:59:00,orders_batch_2,INVALID_DATE
O000605,2026-02-16 19:04:00,C0072,P008,3,292.37,0,Credit Card,Online,2026-02-18 23:59:00,orders_batch_2,INVALID_DATE
O000606,2026-03-22 11:21:00,C0125,P042,6,733.19,120,Credit Card,Store,2026-03-24 23:59:00,orders_batch_2,INVALID_DATE|INVALID_DISCOUNT
O000607,2026-04-06 00:24:00,C0095,P009,3,192.56,0,Cash,Store,2026-04-08 23:59:00,orders_batch_2,INVALID_DATE
O000608,2026-04-23 16:13:00,C0123,P008,2,292.37,0,Credit Card,Marketplace,2026-04-25 23:59:00,orders_batch_2,INVALID_DATE
O000609,2026-04-26 00:55:00,C0162,P012,1,855.72,10,Cash,Marketplace,2026-04-28 23:59:00,orders_batch_2,INVALID_DATE
O000610,2026-04-28 09:05:00,C0117,P027,4,817.79,0,Credit Card,Online,2026-04-30 23:59:00,orders_batch_2,INVALID_DATE
O000611,2026-04-18 18:49:00,C0102,P021,4,1114.51,0,Bank Transfer,Online,2026-04-20 23:59:00,orders_batch_2,INVALID_DATE
O000612,2026-02-22 02:52:00,C0164,P012,6,855.72,5,PromptPay,Online,2026-02-24 23:59:00,orders_batch_2,INVALID_DATE
O000613,2026-02-21 12:24:00,C0139,P043,2,1295.01,5,PromptPay,Store,2026-02-23 23:59:00,orders_batch_2,INVALID_DATE
O000614,2026-02-24 16:37:00,C0004,P007,5,619.54,10,Cash,Store,2026-02-26 23:59:00,orders_batch_2,INVALID_DATE
O000615,2026-03-17 20:20:00,C0039,P002,1,204.81,0,Bank Transfer,Store,2026-03-19 23:59:00,orders_batch_2,INVALID_DATE
O000616,2026-05-02 22:36:00,C0160,P042,5,733.19,10,Bank Transfer,Online,2026-05-04 23:59:00,orders_batch_2,INVALID_DATE
O000617,2026-04-18 21:27:00,C0050,P013,5,848.73,0,Bank Transfer,Online,2026-04-20 23:59:00,orders_batch_2,INVALID_DATE
O000618,2026-04-06 17:08:00,C0141,P010,5,1366.97,0,Credit Card,Marketplace,2026-04-08 23:59:00,orders_batch_2,INVALID_DATE
O000619,2026-03-17 07:14:00,C0067,P035,2,997.99,10,PromptPay,Store,2026-03-19 23:59:00,orders_batch_2,INVALID_DATE
O000620,2026-04-24 01:59:00,C0151,P010,6,1366.97,5,Cash,Store,2026-04-26 23:59:00,orders_batch_2,INVALID_DATE
O000621,2026-04-22 11:07:00,C0103,P032,4,624.66,0,Bank Transfer,Online,2026-04-24 23:59:00,orders_batch_2,INVALID_DATE
O000622,2026-03-30 11:48:00,C0170,P031,6,599.9,15,Cash,Online,2026-04-01 23:59:00,orders_batch_2,INVALID_DATE
O000623,2026-02-16 02:04:00,C0086,P041,-2,1291.92,15,Credit Card,Online,2026-02-18 23:59:00,orders_batch_2,INVALID_DATE|INVALID_QUANTITY
O000624,2026-02-21 14:03:00,C0171,P006,1,967.02,5,Bank Transfer,Marketplace,2026-02-23 23:59:00,orders_batch_2,INVALID_DATE
O000625,2026-04-11 08:36:00,C0059,P019,5,1281.45,0,Cash,Store,2026-04-13 23:59:00,orders_batch_2,INVALID_DATE
O000626,2026-04-16 04:47:00,C0151,P038,1,979.4,0,Credit Card,Store,2026-04-18 23:59:00,orders_batch_2,INVALID_DATE
O000627,2026-04-07 08:34:00,C0159,P035,4,997.99,0,Credit Card,Store,2026-04-09 23:59:00,orders_batch_2,INVALID_DATE
O000628,2026-02-24 05:57:00,C0094,P013,1,848.73,10,Bank Transfer,Online,2026-02-26 23:59:00,orders_batch_2,INVALID_DATE
O000629,2026-03-16 21:06:00,C0143,P005,4,649.9,5,PromptPay,Online,2026-03-18 23:59:00,orders_batch_2,INVALID_DATE
O000630,2026-03-26 14:07:00,C0108,P007,2,619.54,0,Credit Card,Store,2026-03-28 23:59:00,orders_batch_2,INVALID_DATE
O000631,2026-02-21 06:36:00,C0119,P029,1,450.41,15,Cash,Store,2026-02-23 23:59:00,orders_batch_2,INVALID_DATE
O000632,2026-02-25 05:27:00,C0054,P027,6,817.79,0,Bank Transfer,Online,2026-02-27 23:59:00,orders_batch_2,INVALID_DATE
O000633,2026-03-22 04:40:00,C0136,P030,6,915.53,15,Credit Card,Marketplace,2026-03-24 23:59:00,orders_batch_2,INVALID_DATE
O000634,2026-03-09 10:39:00,C0014,P020,2,62.79,0,Bank Transfer,Online,2026-03-11 23:59:00,orders_batch_2,INVALID_DATE
O000635,2026-04-22 15:41:00,C0153,P010,1,THB 1366.97,0,Credit Card,Store,2026-04-24 23:59:00,orders_batch_2,INVALID_DATE|INVALID_UNIT_PRICE
O000636,2026-03-26 22:22:00,C0038,P004,3,1451.77,5,PromptPay,Online,2026-03-28 23:59:00,orders_batch_2,INVALID_DATE
O000637,2026-02-16 14:21:00,C0038,P039,3,688.83,15,Bank Transfer,Marketplace,2026-02-18 23:59:00,orders_batch_2,INVALID_DATE
O000638,2026-04-20 08:53:00,C0102,P016,4,878.59,0,PromptPay,Marketplace,2026-04-22 23:59:00,orders_batch_2,INVALID_DATE
O000639,2026-03-02 02:11:00,C0131,P007,5,619.54,10,Credit Card,Store,2026-03-04 23:59:00,orders_batch_2,INVALID_DATE
O000640,2026-03-01 15:42:00,C0040,P005,1,649.9,5,PromptPay,Marketplace,2026-03-03 23:59:00,orders_batch_2,INVALID_DATE
O000641,2026-03-05 08:26:00,C0131,P032,2,624.66,0,Credit Card,Online,2026-03-07 23:59:00,orders_batch_2,INVALID_DATE
O000642,2026-02-17 10:10:00,C0018,P999,5,979.4,5,Credit Card,Online,2026-02-19 23:59:00,orders_batch_2,INVALID_DATE|PRODUCT_NOT_FOUND
O000643,2026-02-17 17:24:00,C0097,P007,2,619.54,0,Cash,Store,2026-02-19 23:59:00,orders_batch_2,INVALID_DATE
O000644,2026-03-18 02:36:00,C0006,P029,2,450.41,0,Credit Card,Online,2026-03-20 23:59:00,orders_batch_2,INVALID_DATE
O000645,2026-04-28 13:23:00,C0139,P041,4,1291.92,15,PromptPay,Marketplace,2026-04-30 23:59:00,orders_batch_2,INVALID_DATE
O000646,2026-04-01 03:47:00,C0052,P037,5,185.91,15,Cash,Store,2026-04-03 23:59:00,orders_batch_2,INVALID_DATE
O000647,2026-04-05 16:02:00,C0131,P047,5,613.02,0,Bank Transfer,Store,2026-04-07 23:59:00,orders_batch_2,INVALID_DATE
O000648,2026-04-01 05:08:00,C0136,P016,4,878.59,0,PromptPay,Marketplace,2026-04-03 23:59:00,orders_batch_2,INVALID_DATE
O000649,2026-02-26 20:03:00,C0101,P031,4,599.9,0,Bank Transfer,Marketplace,2026-02-28 23:59:00,orders_batch_2,INVALID_DATE
O000650,2026-03-09 03:46:00,C0155,P025,5,833.67,0,Bank Transfer,Store,2026-03-11 23:59:00,orders_batch_2,INVALID_DATE
O000651,2026-02-17 22:54:00,C0134,P003,3,344.85,10,Credit Card,Online,2026-02-19 23:59:00,orders_batch_2,INVALID_DATE
O000652,2026-04-24 01:24:00,C0154,P016,2,878.59,5,PromptPay,Store,2026-04-26 23:59:00,orders_batch_2,INVALID_DATE
O000653,2026-02-24 07:04:00,C0013,P016,4,878.59,15,Cash,Marketplace,2026-02-26 23:59:00,orders_batch_2,INVALID_DATE
O000654,2026-03-29 07:30:00,C0059,P042,5,733.19,5,cash,Store,2026-03-31 23:59:00,orders_batch_2,INVALID_DATE
O000655,not-a-date,C0147,P037,3,185.91,0,Bank Transfer,Online,2026-04-24 23:59:00,orders_batch_2,INVALID_DATE
O000656,2026-04-10 01:48:00,C0174,P034,1,530.09,5,Bank Transfer,Marketplace,2026-04-12 23:59:00,orders_batch_2,INVALID_DATE
O000657,2026-03-17 08:28:00,C0082,P010,4,1366.97,15,Cash,Store,2026-03-19 23:59:00,orders_batch_2,INVALID_DATE
O000658,2026-04-01 07:27:00,C0107,P018,1,549.89,0,Bank Transfer,Online,2026-04-03 23:59:00,orders_batch_2,INVALID_DATE
O000659,2026-02-23 11:03:00,C0064,P013,2,848.73,0,Cash,Online,2026-02-25 23:59:00,orders_batch_2,INVALID_DATE
O000660,2026-04-29 13:15:00,C0075,P037,6,185.91,0,Credit Card,Online,2026-05-01 23:59:00,orders_batch_2,INVALID_DATE
O000661,2026-03-16 04:08:00,C0152,P016,2,878.59,0,Cash,Online,2026-03-18 23:59:00,orders_batch_2,INVALID_DATE
O000662,2026-04-30 16:37:00,C0064,P002,4,204.81,0,Cash,Store,2026-05-02 23:59:00,orders_batch_2,INVALID_DATE
O000663,2026-02-23 23:28:00,C0156,P038,3,979.4,0,Bank Transfer,Marketplace,2026-02-25 23:59:00,orders_batch_2,INVALID_DATE
O000664,2026-04-11 00:34:00,,P004,3,1451.77,15,Bank Transfer,Store,2026-04-13 23:59:00,orders_batch_2,INVALID_DATE|CUSTOMER_NOT_FOUND
O000665,2026-05-02 08:27:00,C0054,P040,6,1472.44,0,Bank Transfer,Marketplace,2026-05-04 23:59:00,orders_batch_2,INVALID_DATE
O000666,2026-04-29 09:35:00,C0091,P031,6,599.9,0,Cash,Online,2026-05-01 23:59:00,orders_batch_2,INVALID_DATE
O000667,2026-05-03 09:51:00,C0089,P038,2,979.4,0,Cash,Marketplace,2026-05-05 23:59:00,orders_batch_2,INVALID_DATE
O000668,2026-02-19 18:40:00,C0144,P035,5,997.99,15,Cash,Store,2026-02-21 23:59:00,orders_batch_2,INVALID_DATE
O000669,2026-03-06 09:16:00,C0098,P014,2,358.74,0,Bank Transfer,Store,2026-03-08 23:59:00,orders_batch_2,INVALID_DATE
O000670,2026-03-28 17:57:00,C0010,P038,2,979.4,5,PromptPay,Marketplace,2026-03-30 23:59:00,orders_batch_2,INVALID_DATE
O000671,2026-03-11 12:42:00,C0113,P045,5,1459.08,15,Credit Card,Marketplace,2026-03-13 23:59:00,orders_batch_2,INVALID_DATE
O000672,2026-05-04 06:57:00,C0069,P005,4,649.9,10,Bank Transfer,Online,2026-05-06 23:59:00,orders_batch_2,INVALID_DATE
O000673,2026-05-01 14:09:00,C0093,P028,3,386.57,0,Credit Card,Store,2026-05-03 23:59:00,orders_batch_2,INVALID_DATE
O000674,2026-03-09 05:04:00,C0045,P027,6,817.79,0,PromptPay,Online,2026-03-11 23:59:00,orders_batch_2,INVALID_DATE
O000675,2026-04-16 09:04:00,C0031,P013,2,848.73,5,PromptPay,Online,2026-04-18 23:59:00,orders_batch_2,INVALID_DATE
O000676,2026-03-06 07:12:00,C0038,P002,1,204.81,0,PromptPay,Store,2026-03-08 23:59:00,orders_batch_2,INVALID_DATE
O000677,2026-02-16 17:34:00,C0004,P021,2,1114.51,10,Credit Card,Store,2026-02-18 23:59:00,orders_batch_2,INVALID_DATE
O000678,2026-02-16 02:58:00,C0137,P046,three,187.09,0,PromptPay,Store,2026-02-18 23:59:00,orders_batch_2,INVALID_DATE|INVALID_QUANTITY
O000679,31/02/2026 10:00,C0075,P040,2,1472.44,0,PromptPay,Online,2026-04-04 23:59:00,orders_batch_2,INVALID_DATE
O000680,2026-03-22 12:50:00,C0065,P041,4,1291.92,0,Cash,Store,2026-03-24 23:59:00,orders_batch_2,INVALID_DATE
O000681,2026-03-18 00:12:00,C0001,P002,3,204.81,15,Cash,Online,2026-03-20 23:59:00,orders_batch_2,INVALID_DATE
O000682,2026-03-19 04:50:00,C0053,P039,3,688.83,0,Cash,Marketplace,2026-03-21 23:59:00,orders_batch_2,INVALID_DATE
O000683,2026-02-20 02:37:00,C0104,P029,3,450.41,10,PromptPay,Store,2026-02-22 23:59:00,orders_batch_2,INVALID_DATE
O000684,2026-05-01 13:17:00,C0010,P041,6,1291.92,10,Credit Card,Marketplace,2026-05-03 23:59:00,orders_batch_2,INVALID_DATE
O000685,2026-02-19 13:51:00,C0034,P041,5,1291.92,0,Bank Transfer,E-Commerce,2026-02-21 23:59:00,orders_batch_2,INVALID_DATE
O000686,2026-04-20 00:47:00,C0169,P043,4,1295.01,0,Credit Card,Online,2026-04-22 23:59:00,orders_batch_2,INVALID_DATE
O000687,2026-03-06 10:36:00,C0082,P028,5,386.57,5,PromptPay,Marketplace,2026-03-08 23:59:00,orders_batch_2,INVALID_DATE
O000688,2026-04-05 08:59:00,C0041,P011,6,616.6,15,Credit Card,Online,2026-04-07 23:59:00,orders_batch_2,INVALID_DATE
O000689,2026-04-10 11:27:00,C0021,P029,1,450.41,15,Credit Card,Store,2026-04-12 23:59:00,orders_batch_2,INVALID_DATE
O000690,2026-04-29 20:33:00,C0005,P003,6,344.85,5,PromptPay,Marketplace,2026-05-01 23:59:00,orders_batch_2,INVALID_DATE
O000691,2026-02-24 15:26:00,C0156,P016,3,878.59,10,Credit Card,Marketplace,2026-02-26 23:59:00,orders_batch_2,INVALID_DATE
O000692,2026-04-21 14:57:00,C0062,P026,3,1185.43,10,Credit Card,Online,2026-04-23 23:59:00,orders_batch_2,INVALID_DATE
O000693,2026-04-13 19:16:00,C0147,P028,6,386.57,0,PromptPay,Store,2026-04-15 23:59:00,orders_batch_2,INVALID_DATE
O000694,2026-05-03 22:17:00,C0086,P045,1,1459.08,15,Bank Transfer,Marketplace,2026-05-05 23:59:00,orders_batch_2,INVALID_DATE
O000695,2026-04-06 11:55:00,C0119,P017,3,,15,Cash,Marketplace,2026-04-08 23:59:00,orders_batch_2,INVALID_DATE|INVALID_UNIT_PRICE
O000696,2026-04-02 00:21:00,C0128,P044,1,766,0,PromptPay,Marketplace,2026-04-04 23:59:00,orders_batch_2,INVALID_DATE
O000697,2026-03-27 12:10:00,C0125,P008,3,292.37,15,Cash,Online,2026-03-29 23:59:00,orders_batch_2,INVALID_DATE
O000698,2026-04-16 14:46:00,C0131,P028,6,386.57,0,Bank Transfer,Store,2026-04-18 23:59:00,orders_batch_2,INVALID_DATE
O000699,2026-04-23 16:58:00,C0099,P046,5,187.09,10,PromptPay,Marketplace,2026-04-25 23:59:00,orders_batch_2,INVALID_DATE
O000700,2026-03-16 16:14:00,C0074,P005,5,649.9,0,Cash,Online,2026-03-18 23:59:00,orders_batch_2,INVALID_DATE
O000701,2026-04-26 19:38:00,C0060,P008,4,292.37,0,PromptPay,Store,2026-04-28 23:59:00,orders_batch_2,INVALID_DATE
O000702,2026-04-02 20:37:00,C0147,P034,2,530.09,0,Cash,Online,2026-04-04 23:59:00,orders_batch_2,INVALID_DATE
O000703,2026-02-21 18:04:00,C0015,P037,5,185.91,0,Cash,Store,2026-02-23 23:59:00,orders_batch_2,INVALID_DATE
O000704,2026-04-08 14:16:00,C0108,P036,1,220.86,15,PromptPay,Marketplace,2026-04-10 23:59:00,orders_batch_2,INVALID_DATE
O000705,2026-03-19 17:54:00,C0039,P002,1,204.81,0,PromptPay,Marketplace,2026-03-21 23:59:00,orders_batch_2,INVALID_DATE
O000706,2026-04-29 04:17:00,C0051,P043,3,1295.01,0,Bank Transfer,Marketplace,2026-05-01 23:59:00,orders_batch_2,INVALID_DATE
O000707,2026-03-02 09:06:00,C0079,P044,2,766,120,Bank Transfer,Store,2026-03-04 23:59:00,orders_batch_2,INVALID_DATE|INVALID_DISCOUNT
O000708,2026-03-06 12:31:00,C0167,P012,2,855.72,0,Credit Card,Marketplace,2026-03-08 23:59:00,orders_batch_2,INVALID_DATE
O000709,2026-02-16 21:17:00,C0135,P026,5,1185.43,0,Cash,Marketplace,2026-02-18 23:59:00,orders_batch_2,INVALID_DATE
O000710,2026-03-20 10:00:00,C0146,P028,1,386.57,15,Cash,Marketplace,2026-03-22 23:59:00,orders_batch_2,INVALID_DATE
O000711,2026-05-01 15:39:00,C0159,P012,5,855.72,0,Cash,Online,2026-05-03 23:59:00,orders_batch_2,INVALID_DATE
O000712,2026-02-15 22:17:00,C0026,P040,-2,1472.44,10,Bank Transfer,Store,2026-02-17 23:59:00,orders_batch_2,INVALID_DATE|INVALID_QUANTITY
O000713,2026-04-26 03:48:00,C0168,P006,6,967.02,0,PromptPay,Store,2026-04-28 23:59:00,orders_batch_2,INVALID_DATE
O000714,2026-03-30 07:54:00,C0148,P028,6,386.57,0,Credit Card,Online,2026-04-01 23:59:00,orders_batch_2,INVALID_DATE
O000715,2026-03-18 06:54:00,C0022,P030,5,915.53,10,Credit Card,Marketplace,2026-03-20 23:59:00,orders_batch_2,INVALID_DATE
O000716,2026-03-29 15:37:00,C0046,P042,4,733.19,0,Credit Card,Store,2026-03-31 23:59:00,orders_batch_2,INVALID_DATE
O000717,2026-04-17 17:25:00,C0108,P005,6,649.9,0,Bank Transfer,Marketplace,2026-04-19 23:59:00,orders_batch_2,INVALID_DATE
O000718,2026-04-28 04:54:00,C0094,P008,6,292.37,10,PromptPay,Store,2026-04-30 23:59:00,orders_batch_2,INVALID_DATE
O000719,2026-04-07 21:53:00,C0150,P043,4,1295.01,0,Cash,Store,2026-04-09 23:59:00,orders_batch_2,INVALID_DATE
O000720,2026-04-30 02:04:00,C0145,P005,6,649.9,0,PromptPay,Online,2026-05-02 23:59:00,orders_batch_2,INVALID_DATE
O000721,2026-02-17 01:36:00,C0023,P026,3,1185.43,0,Credit Card,Marketplace,2026-02-19 23:59:00,orders_batch_2,INVALID_DATE
O000722,2026-03-04 15:22:00,C0008,P048,1,211.32,0,Cash,Marketplace,2026-03-06 23:59:00,orders_batch_2,INVALID_DATE
O000723,2026-03-13 15:32:00,C0012,P001,3,29.67,10,PromptPay,Online,2026-03-15 23:59:00,orders_batch_2,INVALID_DATE
O000724,2026-04-07 20:44:00,C0015,P010,5,1366.97,0,PromptPay,Online,2026-04-09 23:59:00,orders_batch_2,INVALID_DATE
O000725,2026-03-03 16:09:00,C0172,P012,3,855.72,10,Credit Card,Online,2026-03-05 23:59:00,orders_batch_2,INVALID_DATE
O000726,2026-03-14 17:21:00,C0126,P048,3,211.32,10,PromptPay,Online,2026-03-16 23:59:00,orders_batch_2,INVALID_DATE
O000727,2026-04-24 04:51:00,C0080,P024,6,241.87,0,Bank Transfer,Marketplace,2026-04-26 23:59:00,orders_batch_2,INVALID_DATE
O000728,2026-02-20 06:50:00,C0061,P025,3,833.67,15,Cash,Marketplace,2026-02-22 23:59:00,orders_batch_2,INVALID_DATE
O000729,2026-04-17 04:09:00,C0072,P024,5,241.87,15,Bank Transfer,Marketplace,2026-04-19 23:59:00,orders_batch_2,INVALID_DATE
O000730,2026-04-15 06:50:00,C0082,P006,5,967.02,10,Bank Transfer,Marketplace,2026-04-17 23:59:00,orders_batch_2,INVALID_DATE
O000731,2026-05-04 04:14:00,C0038,P009,3,192.56,0,Cash,Marketplace,2026-05-06 23:59:00,orders_batch_2,INVALID_DATE
O000732,2026-03-09 18:06:00,C0071,P024,4,241.87,0,PromptPay,Online,2026-03-11 23:59:00,orders_batch_2,INVALID_DATE
O000733,2026-03-28 17:59:00,C0091,P006,6,967.02,0,PromptPay,Marketplace,2026-03-30 23:59:00,orders_batch_2,INVALID_DATE
O000734,2026-04-02 05:47:00,C0033,P003,5,344.85,5,Credit Card,Marketplace,2026-04-04 23:59:00,orders_batch_2,INVALID_DATE
O000735,2026-04-09 13:40:00,C0111,P004,4,1451.77,0,Credit Card,Online,2026-04-11 23:59:00,orders_batch_2,INVALID_DATE
O000736,2026-03-16 08:50:00,C0022,P034,3,530.09,0,Credit Card,Online,2026-03-18 23:59:00,orders_batch_2,INVALID_DATE
O000737,2026-04-06 02:24:00,C0006,P019,2,1281.45,0,PromptPay,Online,2026-04-08 23:59:00,orders_batch_2,INVALID_DATE
O000738,2026-02-19 00:24:00,C0062,P030,6,915.53,0,PromptPay,Marketplace,2026-02-21 23:59:00,orders_batch_2,INVALID_DATE
O000739,2026-04-26 00:19:00,C0032,P029,3,450.41,0,PromptPay,Online,2026-04-28 23:59:00,orders_batch_2,INVALID_DATE
O000740,2026-05-01 10:35:00,C0133,P017,3,1281.37,15,Bank Transfer,Store,2026-05-03 23:59:00,orders_batch_2,INVALID_DATE
O000741,2026-03-17 11:59:00,C0129,P031,2,599.9,15,Credit Card,Marketplace,2026-03-19 23:59:00,orders_batch_2,INVALID_DATE
O000742,2026-04-22 16:05:00,C0006,P027,2,817.79,0,Cash,Store,2026-04-24 23:59:00,orders_batch_2,INVALID_DATE
O000743,2026-04-28 04:49:00,C0152,P022,2,840.27,0,PromptPay,Store,2026-04-30 23:59:00,orders_batch_2,INVALID_DATE
O000744,2026-04-26 01:31:00,C0158,P015,4,320.33,5,Credit Card,Store,2026-04-28 23:59:00,orders_batch_2,INVALID_DATE
O000745,2026-02-22 01:04:00,C9999,P021,1,1114.51,0,PromptPay,Marketplace,2026-02-24 23:59:00,orders_batch_2,INVALID_DATE|CUSTOMER_NOT_FOUND
O000746,2026-03-31 23:08:00,C0115,P033,4,654.4,5,PromptPay,Online,2026-04-02 23:59:00,orders_batch_2,INVALID_DATE
O000747,2026-04-07 20:13:00,,P014,1,358.74,0,Credit Card,Store,2026-04-09 23:59:00,orders_batch_2,INVALID_DATE|CUSTOMER_NOT_FOUND
O000748,2026-03-23 19:04:00,C0152,P020,4,62.79,10,Credit Card,Store,2026-03-25 23:59:00,orders_batch_2,INVALID_DATE
O000749,2026-04-18 13:19:00,C0180,P999,1,204.81,0,Cash,Online,2026-04-20 23:59:00,orders_batch_2,INVALID_DATE|PRODUCT_NOT_FOUND
O000750,2026-05-01 14:55:00,C0095,P033,1,654.4,0,Credit Card,Online,2026-05-03 23:59:00,orders_batch_2,INVALID_DATE
O000751,2026-03-20 15:27:00,C0003,P023,3,784.71,0,PromptPay,Marketplace,2026-03-22 23:59:00,orders_batch_2,INVALID_DATE
O000752,2026-03-14 16:31:00,C0114,P040,1,1472.44,15,Credit Card,Online,2026-03-16 23:59:00,orders_batch_2,INVALID_DATE
O000753,2026-03-28 00:50:00,C0105,P016,6,878.59,10,Bank Transfer,Store,2026-03-30 23:59:00,orders_batch_2,INVALID_DATE
O000754,2026-04-17 18:18:00,C0092,P006,4,967.02,0,Cash,Online,2026-04-19 23:59:00,orders_batch_2,INVALID_DATE
O000755,2026-04-08 17:40:00,C0091,P038,6,979.4,15,Cash,Store,2026-04-10 23:59:00,orders_batch_2,INVALID_DATE
O000756,2026-03-01 18:30:00,C0085,P040,3,1472.44,15,Credit Card,Marketplace,2026-03-03 23:59:00,orders_batch_2,INVALID_DATE
O000757,2026-03-27 09:33:00,C0005,P019,6,1281.45,0,Credit Card,Marketplace,2026-03-29 23:59:00,orders_batch_2,INVALID_DATE
O000758,2026-04-28 04:24:00,C0172,P019,5,1281.45,15,Credit Card,Online,2026-04-30 23:59:00,orders_batch_2,INVALID_DATE
O000759,2026-03-24 12:55:00,C0138,P006,1,967.02,15,Credit Card,Online,2026-03-26 23:59:00,orders_batch_2,INVALID_DATE
O000760,2026-04-06 03:31:00,C0009,P001,1,29.67,10,Cash,Online,2026-04-08 23:59:00,orders_batch_2,INVALID_DATE
O000761,2026-03-31 21:05:00,C0112,P022,2,840.27,5,Credit Card,Online,2026-04-02 23:59:00,orders_batch_2,INVALID_DATE
O000762,2026-03-02 10:01:00,C0154,P025,5,THB 833.67,0,PromptPay,Store,2026-03-04 23:59:00,orders_batch_2,INVALID_DATE|INVALID_UNIT_PRICE
O000763,2026-04-10 14:57:00,C0011,P044,1,766,15,cash,Marketplace,2026-04-12 23:59:00,orders_batch_2,INVALID_DATE
O000764,2026-02-26 13:02:00,C0122,P007,4,619.54,15,PromptPay,Marketplace,2026-02-28 23:59:00,orders_batch_2,INVALID_DATE
O000765,2026-02-23 07:27:00,C0005,P042,1,733.19,5,Cash,Store,2026-02-25 23:59:00,orders_batch_2,INVALID_DATE
O000766,2026-04-09 08:12:00,C0038,P016,6,878.59,5,Bank Transfer,Marketplace,2026-04-11 23:59:00,orders_batch_2,INVALID_DATE
O000767,2026-03-03 00:10:00,C0065,P024,2,241.87,15,PromptPay,Marketplace,2026-03-05 23:59:00,orders_batch_2,INVALID_DATE
O000768,2026-05-01 23:51:00,C0006,P039,5,688.83,15,PromptPay,Marketplace,2026-05-03 23:59:00,orders_batch_2,INVALID_DATE
O000769,2026-03-08 13:16:00,C0079,P017,5,1281.37,15,PromptPay,Marketplace,2026-03-10 23:59:00,orders_batch_2,INVALID_DATE
O000770,2026-04-05 19:05:00,C0093,P015,5,320.33,0,Cash,Online,2026-04-07 23:59:00,orders_batch_2,INVALID_DATE
O000771,2026-04-04 02:03:00,C0026,P015,5,320.33,15,Bank Transfer,Marketplace,2026-04-06 23:59:00,orders_batch_2,INVALID_DATE
O000772,2026-04-23 17:40:00,C0052,P041,5,1291.92,15,Cash,Online,2026-04-25 23:59:00,orders_batch_2,INVALID_DATE
O000773,2026-03-25 17:18:00,C0034,P040,1,1472.44,10,PromptPay,Store,2026-03-27 23:59:00,orders_batch_2,INVALID_DATE
O000774,2026-03-14 00:42:00,C0037,P041,5,1291.92,5,Credit Card,Store,2026-03-16 23:59:00,orders_batch_2,INVALID_DATE
O000775,2026-03-02 03:20:00,C0031,P024,2,241.87,15,Cash,Marketplace,2026-03-04 23:59:00,orders_batch_2,INVALID_DATE
O000776,31/02/2026 10:00,C0120,P047,2,613.02,0,Cash,Online,2026-04-29 23:59:00,orders_batch_2,INVALID_DATE
O000777,2026-04-08 12:39:00,C0063,P014,6,358.74,15,PromptPay,Marketplace,2026-04-10 23:59:00,orders_batch_2,INVALID_DATE
O000778,2026-04-10 08:17:00,C0067,P009,4,192.56,0,PromptPay,Online,2026-04-12 23:59:00,orders_batch_2,INVALID_DATE
O000779,2026-03-07 10:05:00,C0051,P038,4,979.4,0,Credit Card,Online,2026-03-09 23:59:00,orders_batch_2,INVALID_DATE
O000780,2026-02-17 04:58:00,C0143,P019,4,1281.45,5,PromptPay,Marketplace,2026-02-19 23:59:00,orders_batch_2,INVALID_DATE
O000781,2026-02-15 23:45:00,C0019,P031,6,599.9,0,Bank Transfer,Online,2026-02-17 23:59:00,orders_batch_2,INVALID_DATE
O000782,2026-04-05 03:43:00,C0020,P045,1,1459.08,15,PromptPay,Online,2026-04-07 23:59:00,orders_batch_2,INVALID_DATE
O000783,2026-05-03 05:19:00,C0132,P014,4,358.74,15,Cash,Online,2026-05-05 23:59:00,orders_batch_2,INVALID_DATE
O000784,2026-03-11 04:44:00,C0080,P003,3,344.85,0,Cash,Marketplace,2026-03-13 23:59:00,orders_batch_2,INVALID_DATE
O000785,2026-04-24 13:55:00,C0151,P026,1,1185.43,5,Bank Transfer,Marketplace,2026-04-26 23:59:00,orders_batch_2,INVALID_DATE
O000786,not-a-date,C0044,P008,6,292.37,5,Cash,Marketplace,2026-04-09 23:59:00,orders_batch_2,INVALID_DATE
O000787,2026-03-08 17:40:00,C0112,P031,4,599.9,0,PromptPay,Store,2026-03-10 23:59:00,orders_batch_2,INVALID_DATE
O000788,2026-02-28 21:22:00,C0081,P042,3,733.19,5,Cash,Online,2026-03-02 23:59:00,orders_batch_2,INVALID_DATE
O000789,2026-03-03 05:25:00,C0057,P030,6,915.53,5,Cash,Store,2026-03-05 23:59:00,orders_batch_2,INVALID_DATE
O000790,2026-03-29 02:22:00,C0070,P014,2,358.74,15,Cash,Marketplace,2026-03-31 23:59:00,orders_batch_2,INVALID_DATE
O000791,2026-04-11 13:31:00,C0058,P040,three,1472.44,0,Credit Card,Store,2026-04-13 23:59:00,orders_batch_2,INVALID_DATE|INVALID_QUANTITY
O000792,2026-05-01 07:22:00,C0155,P007,2,619.54,0,PromptPay,Store,2026-05-03 23:59:00,orders_batch_2,INVALID_DATE
O000793,2026-04-20 02:04:00,C0064,P029,1,450.41,5,PromptPay,Online,2026-04-22 23:59:00,orders_batch_2,INVALID_DATE
O000794,2026-04-12 02:04:00,C0098,P008,3,292.37,0,PromptPay,Online,2026-04-14 23:59:00,orders_batch_2,INVALID_DATE
O000795,2026-05-04 19:21:00,C0013,P027,1,817.79,0,Cash,Store,2026-05-06 23:59:00,orders_batch_2,INVALID_DATE
O000796,2026-04-14 01:30:00,C0139,P006,1,967.02,0,Bank Transfer,Online,2026-04-16 23:59:00,orders_batch_2,INVALID_DATE
O000797,2026-02-15 18:49:00,C0156,P010,4,1366.97,0,Cash,Marketplace,2026-02-17 23:59:00,orders_batch_2,INVALID_DATE
O000798,2026-04-03 00:25:00,C0118,P026,2,1185.43,0,Cash,Marketplace,2026-04-05 23:59:00,orders_batch_2,INVALID_DATE
O000799,2026-04-24 12:28:00,C0019,P042,3,733.19,10,Bank Transfer,Online,2026-04-26 23:59:00,orders_batch_2,INVALID_DATE
O000800,2026-04-30 19:27:00,C0043,P004,6,1451.77,0,Cash,Marketplace,2026-05-02 23:59:00,orders_batch_2,INVALID_DATE
O000801,2026-04-05 07:59:00,C0030,P044,-2,766,0,Credit Card,Marketplace,2026-04-07 23:59:00,orders_batch_2,INVALID_DATE|INVALID_QUANTITY
O000802,2026-03-17 02:05:00,C0151,P014,6,358.74,0,Cash,Marketplace,2026-03-19 23:59:00,orders_batch_2,INVALID_DATE
O000803,2026-03-21 01:08:00,C0174,P023,6,784.71,0,Cash,Store,2026-03-23 23:59:00,orders_batch_2,INVALID_DATE
O000804,2026-03-20 05:13:00,C0052,P029,6,450.41,15,PromptPay,Marketplace,2026-03-22 23:59:00,orders_batch_2,INVALID_DATE
O000805,2026-04-04 12:58:00,C0171,P034,6,530.09,0,Credit Card,Store,2026-04-06 23:59:00,orders_batch_2,INVALID_DATE
O000806,2026-02-28 07:40:00,C0058,P019,4,1281.45,10,Credit Card,Marketplace,2026-03-02 23:59:00,orders_batch_2,INVALID_DATE
O000807,2026-02-17 20:46:00,C0158,P002,5,204.81,5,PromptPay,Store,2026-02-19 23:59:00,orders_batch_2,INVALID_DATE
O000808,2026-02-20 13:39:00,C0168,P008,5,292.37,120,Cash,Store,2026-02-22 23:59:00,orders_batch_2,INVALID_DATE|INVALID_DISCOUNT
O000809,2026-03-14 05:36:00,C0054,P042,5,733.19,0,PromptPay,Store,2026-03-16 23:59:00,orders_batch_2,INVALID_DATE
O000810,2026-03-19 17:40:00,C0024,P019,5,1281.45,0,PromptPay,Online,2026-03-21 23:59:00,orders_batch_2,INVALID_DATE
O000811,2026-03-20 14:04:00,C0062,P011,6,616.6,10,Cash,Online,2026-03-22 23:59:00,orders_batch_2,INVALID_DATE
O000812,2026-02-17 05:23:00,C0117,P029,2,450.41,0,PromptPay,Online,2026-02-19 23:59:00,orders_batch_2,INVALID_DATE
O000813,2026-04-15 04:36:00,C0115,P003,5,344.85,0,Credit Card,Store,2026-04-17 23:59:00,orders_batch_2,INVALID_DATE
O000814,2026-03-03 20:01:00,C0022,P045,5,1459.08,0,Credit Card,Marketplace,2026-03-05 23:59:00,orders_batch_2,INVALID_DATE
O000815,2026-04-14 11:49:00,C0061,P026,4,1185.43,15,Bank Transfer,Online,2026-04-16 23:59:00,orders_batch_2,INVALID_DATE
O000816,2026-05-03 13:05:00,C0148,P029,4,450.41,10,Credit Card,Online,2026-05-05 23:59:00,orders_batch_2,INVALID_DATE
O000817,2026-03-20 12:35:00,C0092,P007,1,619.54,0,PromptPay,Marketplace,2026-03-22 23:59:00,orders_batch_2,INVALID_DATE
O000818,2026-04-18 17:20:00,C0002,P027,3,817.79,15,PromptPay,Marketplace,2026-04-20 23:59:00,orders_batch_2,INVALID_DATE
O000819,2026-04-04 04:54:00,C0134,P046,3,187.09,0,Cash,Online,2026-04-06 23:59:00,orders_batch_2,INVALID_DATE
O000820,2026-03-08 15:36:00,C0003,P007,1,619.54,0,PromptPay,Store,2026-03-10 23:59:00,orders_batch_2,INVALID_DATE
O000821,2026-04-15 05:50:00,C0109,P004,3,1451.77,0,Credit Card,Marketplace,2026-04-17 23:59:00,orders_batch_2,INVALID_DATE
O000822,2026-03-03 19:29:00,C0061,P044,5,766,0,PromptPay,E-Commerce,2026-03-05 23:59:00,orders_batch_2,INVALID_DATE
O000823,2026-03-10 08:49:00,C0169,P043,1,1295.01,0,Bank Transfer,Online,2026-03-12 23:59:00,orders_batch_2,INVALID_DATE
O000824,2026-04-27 14:46:00,C0022,P017,1,1281.37,15,PromptPay,Marketplace,2026-04-29 23:59:00,orders_batch_2,INVALID_DATE
O000825,2026-04-05 06:34:00,C0062,P011,5,616.6,0,Bank Transfer,Marketplace,2026-04-07 23:59:00,orders_batch_2,INVALID_DATE
O000826,2026-03-04 02:21:00,C0108,P039,5,688.83,0,Cash,Marketplace,2026-03-06 23:59:00,orders_batch_2,INVALID_DATE
O000827,2026-04-11 18:45:00,C0109,P020,6,62.79,0,Cash,Store,2026-04-13 23:59:00,orders_batch_2,INVALID_DATE
O000828,2026-03-08 21:41:00,C0138,P021,6,1114.51,0,PromptPay,Marketplace,2026-03-10 23:59:00,orders_batch_2,INVALID_DATE
O000829,2026-05-03 15:29:00,C0180,P003,2,344.85,0,PromptPay,Marketplace,2026-05-05 23:59:00,orders_batch_2,INVALID_DATE
O000830,2026-04-08 01:48:00,,P009,1,192.56,0,Bank Transfer,Online,2026-04-10 23:59:00,orders_batch_2,INVALID_DATE|CUSTOMER_NOT_FOUND
O000831,2026-04-20 21:46:00,C0051,P010,1,1366.97,15,Credit Card,Online,2026-04-22 23:59:00,orders_batch_2,INVALID_DATE
O000832,2026-03-31 20:43:00,C0086,P029,6,450.41,5,Bank Transfer,Marketplace,2026-04-02 23:59:00,orders_batch_2,INVALID_DATE
O000833,2026-04-05 02:57:00,C0041,P021,3,1114.51,10,Credit Card,Store,2026-04-07 23:59:00,orders_batch_2,INVALID_DATE
O000834,2026-04-30 17:12:00,C0058,P032,3,,10,Cash,Online,2026-05-02 23:59:00,orders_batch_2,INVALID_DATE|INVALID_UNIT_PRICE
O000835,2026-04-09 20:55:00,C0029,P048,6,211.32,5,Bank Transfer,Online,2026-04-11 23:59:00,orders_batch_2,INVALID_DATE
O000836,2026-02-19 15:53:00,C0096,P044,4,766,15,PromptPay,Store,2026-02-21 23:59:00,orders_batch_2,INVALID_DATE
O000837,2026-04-26 12:53:00,C0056,P026,5,1185.43,10,PromptPay,Online,2026-04-28 23:59:00,orders_batch_2,INVALID_DATE
O000838,2026-04-01 23:10:00,C0105,P006,2,967.02,0,Cash,Online,2026-04-03 23:59:00,orders_batch_2,INVALID_DATE
O000839,2026-02-28 11:25:00,C0020,P023,3,784.71,10,PromptPay,Marketplace,2026-03-02 23:59:00,orders_batch_2,INVALID_DATE
O000840,2026-04-08 05:52:00,C0079,P040,6,1472.44,15,Cash,Store,2026-04-10 23:59:00,orders_batch_2,INVALID_DATE
O000428,2026-04-04 13:52:00,C0150,P999,4,450.41,15,PromptPay,Marketplace,2026-04-06 23:59:00,orders_batch_2,INVALID_DATE|PRODUCT_NOT_FOUND
O000445,2026-03-24 01:46:00,C0015,P039,-2,688.83,0,PromptPay,Store,2026-03-26 23:59:00,orders_batch_2,INVALID_DATE|INVALID_QUANTITY
O000480,2026-02-18 11:01:00,C0050,P044,2,766,0,Credit Card,Marketplace,2026-02-20 23:59:00,orders_batch_2,INVALID_DATE
O000411,2026-03-14 12:00:00,C0008,P008,4,292.37,10,PromptPay,Online,2026-03-16 23:59:00,orders_batch_2,INVALID_DATE
O000841,2026-04-05 18:21:00,C0121,P008,4,292.37,5,Cash,Store,2026-04-08 23:59:00,orders_batch_3,INVALID_DATE
O000842,2026-05-21 00:11:00,C0082,P045,6,1459.08,15,Credit Card,Online,2026-05-24 23:59:00,orders_batch_3,INVALID_DATE
O000843,2026-04-06 02:41:00,C0001,P033,5,654.4,0,PromptPay,Online,2026-04-09 23:59:00,orders_batch_3,INVALID_DATE
O000844,2026-05-22 02:07:00,C0098,P034,4,530.09,0,Credit Card,Marketplace,2026-05-25 23:59:00,orders_batch_3,INVALID_DATE
O000845,2026-05-25 12:20:00,C0062,P020,1,62.79,10,Bank Transfer,Marketplace,2026-05-28 23:59:00,orders_batch_3,INVALID_DATE
O000846,2026-05-15 21:23:00,C0021,P010,4,1366.97,0,Bank Transfer,Marketplace,2026-05-18 23:59:00,orders_batch_3,INVALID_DATE
O000847,2026-04-12 13:29:00,C0148,P030,4,915.53,5,PromptPay,Online,2026-04-15 23:59:00,orders_batch_3,INVALID_DATE
O000848,2026-04-13 10:51:00,C0030,P018,4,549.89,0,Cash,Marketplace,2026-04-16 23:59:00,orders_batch_3,INVALID_DATE
O000849,2026-04-17 02:25:00,C0088,P018,6,549.89,5,Credit Card,Store,2026-04-20 23:59:00,orders_batch_3,INVALID_DATE
O000850,2026-06-14 21:34:00,C0096,P028,2,386.57,0,Credit Card,Marketplace,2026-06-17 23:59:00,orders_batch_3,INVALID_DATE
O000851,2026-04-30 02:12:00,C0017,P030,4,915.53,10,Bank Transfer,Online,2026-05-03 23:59:00,orders_batch_3,INVALID_DATE
O000852,2026-04-10 15:45:00,C0045,P042,4,733.19,5,Bank Transfer,Store,2026-04-13 23:59:00,orders_batch_3,INVALID_DATE
O000853,2026-05-10 03:00:00,C0038,P027,4,817.79,0,Credit Card,Store,2026-05-13 23:59:00,orders_batch_3,INVALID_DATE
O000854,2026-04-01 09:19:00,C0063,P023,6,784.71,15,Cash,Online,2026-04-04 23:59:00,orders_batch_3,INVALID_DATE
O000855,2026-05-11 15:48:00,C0105,P017,6,1281.37,5,Bank Transfer,Online,2026-05-14 23:59:00,orders_batch_3,INVALID_DATE
O000856,2026-05-15 06:36:00,C0089,P999,6,915.53,0,Bank Transfer,Marketplace,2026-05-18 23:59:00,orders_batch_3,INVALID_DATE|PRODUCT_NOT_FOUND
O000857,2026-04-17 17:28:00,C0018,P024,6,241.87,10,Credit Card,Marketplace,2026-04-20 23:59:00,orders_batch_3,INVALID_DATE
O000858,2026-04-03 05:49:00,C0097,P021,3,1114.51,0,PromptPay,Online,2026-04-06 23:59:00,orders_batch_3,INVALID_DATE
O000859,2026-05-05 08:27:00,C0074,P039,2,688.83,0,PromptPay,Marketplace,2026-05-08 23:59:00,orders_batch_3,INVALID_DATE
O000860,2026-05-07 04:25:00,C0058,P047,4,613.02,15,Bank Transfer,Marketplace,2026-05-10 23:59:00,orders_batch_3,INVALID_DATE
O000861,2026-04-11 15:32:00,C0078,P018,4,549.89,0,Credit Card,Marketplace,2026-04-14 23:59:00,orders_batch_3,INVALID_DATE
O000862,2026-05-30 11:35:00,C0054,P015,6,320.33,0,Cash,Store,2026-06-02 23:59:00,orders_batch_3,INVALID_DATE
O000863,2026-04-21 03:29:00,C0172,P037,6,185.91,0,PromptPay,Online,2026-04-24 23:59:00,orders_batch_3,INVALID_DATE
O000864,2026-06-03 20:40:00,C0058,P031,6,599.9,0,PromptPay,Marketplace,2026-06-06 23:59:00,orders_batch_3,INVALID_DATE
O000865,2026-06-06 03:28:00,C0159,P030,4,915.53,0,Cash,Marketplace,2026-06-09 23:59:00,orders_batch_3,INVALID_DATE
O000866,2026-05-25 00:20:00,C0162,P013,3,848.73,0,Cash,Online,2026-05-28 23:59:00,orders_batch_3,INVALID_DATE
O000867,2026-06-13 02:17:00,C0028,P011,1,616.6,0,Bank Transfer,Store,2026-06-16 23:59:00,orders_batch_3,INVALID_DATE
O000868,2026-04-11 18:32:00,C0161,P021,4,1114.51,0,PromptPay,Marketplace,2026-04-14 23:59:00,orders_batch_3,INVALID_DATE
O000869,2026-04-30 23:06:00,C0015,P004,2,1451.77,0,Bank Transfer,Marketplace,2026-05-03 23:59:00,orders_batch_3,INVALID_DATE
O000870,2026-06-11 02:40:00,C0068,P002,4,204.81,0,Bank Transfer,Store,2026-06-14 23:59:00,orders_batch_3,INVALID_DATE
O000871,2026-06-09 23:21:00,C0029,P046,6,187.09,0,Cash,Marketplace,2026-06-12 23:59:00,orders_batch_3,INVALID_DATE
O000872,2026-04-06 05:29:00,C0049,P029,4,450.41,10,credit card,Marketplace,2026-04-09 23:59:00,orders_batch_3,INVALID_DATE
O000873,31/02/2026 10:00,C0109,P001,6,29.67,5,PromptPay,Marketplace,2026-06-09 23:59:00,orders_batch_3,INVALID_DATE
O000874,2026-05-12 07:19:00,C0062,P033,1,654.4,10,PromptPay,Store,2026-05-15 23:59:00,orders_batch_3,INVALID_DATE
O000875,2026-06-14 17:30:00,C0084,P008,3,292.37,15,Cash,Store,2026-06-17 23:59:00,orders_batch_3,INVALID_DATE
O000876,2026-05-13 09:37:00,C0031,P015,5,320.33,0,PromptPay,Marketplace,2026-05-16 23:59:00,orders_batch_3,INVALID_DATE
O000877,2026-06-12 11:05:00,C0176,P001,5,29.67,0,Cash,Marketplace,2026-06-15 23:59:00,orders_batch_3,INVALID_DATE
O000878,2026-04-09 16:12:00,C0064,P038,2,979.4,0,Bank Transfer,Online,2026-04-12 23:59:00,orders_batch_3,INVALID_DATE
O000879,2026-05-22 22:10:00,C0150,P006,5,967.02,0,Credit Card,Store,2026-05-25 23:59:00,orders_batch_3,INVALID_DATE
O000880,2026-05-05 05:20:00,C0126,P024,4,241.87,0,Bank Transfer,Online,2026-05-08 23:59:00,orders_batch_3,INVALID_DATE
O000881,2026-06-09 21:52:00,C0166,P041,5,1291.92,0,Bank Transfer,Marketplace,2026-06-12 23:59:00,orders_batch_3,INVALID_DATE
O000882,2026-05-24 23:11:00,C0089,P009,6,192.56,10,PromptPay,Store,2026-05-27 23:59:00,orders_batch_3,INVALID_DATE
O000883,2026-05-14 01:57:00,C0139,P046,4,187.09,0,PromptPay,Online,2026-05-17 23:59:00,orders_batch_3,INVALID_DATE
O000884,2026-04-27 08:30:00,C0058,P032,2,624.66,0,Credit Card,Store,2026-04-30 23:59:00,orders_batch_3,INVALID_DATE
O000885,2026-05-25 07:16:00,C0171,P018,1,549.89,5,Cash,Store,2026-05-28 23:59:00,orders_batch_3,INVALID_DATE
O000886,2026-04-05 11:46:00,C0031,P010,5,1366.97,5,Cash,Store,2026-04-08 23:59:00,orders_batch_3,INVALID_DATE
O000887,2026-04-08 02:08:00,C0066,P043,2,1295.01,0,PromptPay,Marketplace,2026-04-11 23:59:00,orders_batch_3,INVALID_DATE
O000888,2026-04-18 17:10:00,C0177,P031,4,599.9,0,Credit Card,Store,2026-04-21 23:59:00,orders_batch_3,INVALID_DATE
O000889,2026-06-15 21:01:00,C0163,P020,6,THB 62.79,0,Credit Card,Store,2026-06-18 23:59:00,orders_batch_3,INVALID_DATE|INVALID_UNIT_PRICE
O000890,2026-05-28 01:59:00,C0061,P015,-2,320.33,15,Bank Transfer,Store,2026-05-31 23:59:00,orders_batch_3,INVALID_DATE|INVALID_QUANTITY
O000891,2026-05-12 17:46:00,C0116,P046,1,187.09,0,Cash,Store,2026-05-15 23:59:00,orders_batch_3,INVALID_DATE
O000892,2026-05-06 11:18:00,C0125,P023,3,784.71,15,PromptPay,Online,2026-05-09 23:59:00,orders_batch_3,INVALID_DATE
O000893,2026-04-01 15:39:00,C0034,P009,2,192.56,0,PromptPay,Store,2026-04-04 23:59:00,orders_batch_3,INVALID_DATE
O000894,2026-04-28 09:49:00,C9999,P022,5,840.27,10,Bank Transfer,Online,2026-05-01 23:59:00,orders_batch_3,INVALID_DATE|CUSTOMER_NOT_FOUND
O000895,2026-05-03 16:22:00,C0151,P048,5,211.32,0,Cash,Store,2026-05-06 23:59:00,orders_batch_3,INVALID_DATE
O000896,2026-04-22 11:18:00,C0029,P029,5,450.41,10,PromptPay,Store,2026-04-25 23:59:00,orders_batch_3,INVALID_DATE
O000897,2026-05-09 01:41:00,C0120,P022,4,840.27,0,Cash,Marketplace,2026-05-12 23:59:00,orders_batch_3,INVALID_DATE
O000898,2026-06-09 16:27:00,C0088,P038,6,979.4,15,Bank Transfer,Store,2026-06-12 23:59:00,orders_batch_3,INVALID_DATE
O000899,2026-04-04 22:38:00,C0044,P046,2,187.09,0,Cash,Online,2026-04-07 23:59:00,orders_batch_3,INVALID_DATE
O000900,2026-06-16 10:12:00,C0059,P011,5,616.6,0,Cash,Marketplace,2026-06-19 23:59:00,orders_batch_3,INVALID_DATE
O000901,2026-04-02 23:46:00,C0109,P036,5,220.86,0,Credit Card,Store,2026-04-05 23:59:00,orders_batch_3,INVALID_DATE
O000902,2026-05-16 10:58:00,C0056,P007,3,619.54,5,PromptPay,Marketplace,2026-05-19 23:59:00,orders_batch_3,INVALID_DATE
O000903,2026-06-12 02:26:00,C0084,P012,1,855.72,15,Bank Transfer,Online,2026-06-15 23:59:00,orders_batch_3,INVALID_DATE
O000904,2026-06-16 06:47:00,C0152,P033,three,654.4,0,Bank Transfer,Marketplace,2026-06-19 23:59:00,orders_batch_3,INVALID_DATE|INVALID_QUANTITY
O000905,2026-06-10 23:50:00,C0003,P002,6,204.81,0,Credit Card,Store,2026-06-13 23:59:00,orders_batch_3,INVALID_DATE
O000906,2026-05-17 07:08:00,C0046,P037,1,185.91,15,PromptPay,Online,2026-05-20 23:59:00,orders_batch_3,INVALID_DATE
O000907,2026-05-11 05:07:00,C0058,P031,5,599.9,0,Cash,Store,2026-05-14 23:59:00,orders_batch_3,INVALID_DATE
O000908,2026-06-07 04:03:00,C0149,P042,6,733.19,15,Bank Transfer,Online,2026-06-10 23:59:00,orders_batch_3,INVALID_DATE
O000909,2026-06-10 21:37:00,C0058,P009,1,192.56,120,PromptPay,Marketplace,2026-06-13 23:59:00,orders_batch_3,INVALID_DATE|INVALID_DISCOUNT
O000910,2026-06-08 13:39:00,C0145,P012,5,855.72,0,Bank Transfer,Online,2026-06-11 23:59:00,orders_batch_3,INVALID_DATE
O000911,2026-05-28 10:58:00,C0116,P041,3,1291.92,0,PromptPay,Store,2026-05-31 23:59:00,orders_batch_3,INVALID_DATE
O000912,2026-04-04 03:42:00,C0088,P008,3,292.37,10,Cash,Online,2026-04-07 23:59:00,orders_batch_3,INVALID_DATE
O000913,2026-05-26 00:19:00,,P023,5,784.71,5,Bank Transfer,Marketplace,2026-05-29 23:59:00,orders_batch_3,INVALID_DATE|CUSTOMER_NOT_FOUND
O000914,2026-05-04 03:55:00,C0093,P008,4,292.37,10,PromptPay,Marketplace,2026-05-07 23:59:00,orders_batch_3,INVALID_DATE
O000915,2026-04-29 06:04:00,C0142,P036,6,220.86,5,PromptPay,Online,2026-05-02 23:59:00,orders_batch_3,INVALID_DATE
O000916,2026-05-06 09:46:00,C0084,P026,6,1185.43,5,Credit Card,Store,2026-05-09 23:59:00,orders_batch_3,INVALID_DATE
O000917,not-a-date,C0032,P022,3,840.27,0,Credit Card,Store,2026-05-10 23:59:00,orders_batch_3,INVALID_DATE
O000918,2026-05-17 09:04:00,C0136,P018,6,549.89,0,Bank Transfer,Online,2026-05-20 23:59:00,orders_batch_3,INVALID_DATE
O000919,2026-04-30 04:19:00,C0099,P044,2,766,0,Bank Transfer,Store,2026-05-03 23:59:00,orders_batch_3,INVALID_DATE
O000920,2026-05-02 14:15:00,C0165,P036,1,220.86,0,Cash,Online,2026-05-05 23:59:00,orders_batch_3,INVALID_DATE
O000921,2026-04-29 23:53:00,C0146,P037,4,185.91,0,Cash,Online,2026-05-02 23:59:00,orders_batch_3,INVALID_DATE
O000922,2026-04-18 03:56:00,C0078,P045,3,1459.08,10,Credit Card,Online,2026-04-21 23:59:00,orders_batch_3,INVALID_DATE
O000923,2026-04-08 00:02:00,C0150,P005,2,649.9,15,Cash,Marketplace,2026-04-11 23:59:00,orders_batch_3,INVALID_DATE
O000924,2026-06-04 21:36:00,C0124,P032,5,624.66,0,PromptPay,Marketplace,2026-06-07 23:59:00,orders_batch_3,INVALID_DATE
O000925,2026-05-12 18:11:00,C0052,P030,5,915.53,0,Cash,Online,2026-05-15 23:59:00,orders_batch_3,INVALID_DATE
O000926,2026-05-10 03:21:00,C0038,P035,6,997.99,0,PromptPay,Online,2026-05-13 23:59:00,orders_batch_3,INVALID_DATE
O000927,2026-05-09 07:23:00,C0051,P026,1,1185.43,10,Credit Card,Online,2026-05-12 23:59:00,orders_batch_3,INVALID_DATE
O000928,2026-04-29 22:34:00,C0039,P001,6,29.67,10,Credit Card,Store,2026-05-02 23:59:00,orders_batch_3,INVALID_DATE
O000929,2026-05-06 22:40:00,C0069,P014,1,358.74,5,Credit Card,Store,2026-05-09 23:59:00,orders_batch_3,INVALID_DATE
O000930,2026-05-16 17:37:00,C0169,P028,2,386.57,5,PromptPay,Marketplace,2026-05-19 23:59:00,orders_batch_3,INVALID_DATE
O000931,2026-04-12 01:51:00,C0112,P021,3,1114.51,15,Bank Transfer,Store,2026-04-15 23:59:00,orders_batch_3,INVALID_DATE
O000932,2026-06-04 11:11:00,C0155,P037,4,185.91,15,Credit Card,Store,2026-06-07 23:59:00,orders_batch_3,INVALID_DATE
O000933,2026-05-22 04:12:00,C0129,P022,3,840.27,10,Cash,Marketplace,2026-05-25 23:59:00,orders_batch_3,INVALID_DATE
O000934,2026-04-09 08:14:00,C0033,P020,2,62.79,0,PromptPay,Store,2026-04-12 23:59:00,orders_batch_3,INVALID_DATE
O000935,2026-05-16 13:15:00,C0107,P042,2,733.19,10,Cash,Marketplace,2026-05-19 23:59:00,orders_batch_3,INVALID_DATE
O000936,2026-04-14 11:32:00,C0162,P001,2,29.67,15,Credit Card,Store,2026-04-17 23:59:00,orders_batch_3,INVALID_DATE
O000937,2026-05-13 15:23:00,C0106,P036,3,220.86,15,Bank Transfer,Online,2026-05-16 23:59:00,orders_batch_3,INVALID_DATE
O000938,2026-05-25 20:14:00,C0017,P029,5,450.41,15,Bank Transfer,Marketplace,2026-05-28 23:59:00,orders_batch_3,INVALID_DATE
O000939,2026-04-02 15:07:00,C0098,P003,4,344.85,0,Cash,Store,2026-04-05 23:59:00,orders_batch_3,INVALID_DATE
O000940,2026-04-10 02:18:00,C0066,P037,3,185.91,0,PromptPay,Marketplace,2026-04-13 23:59:00,orders_batch_3,INVALID_DATE
O000941,2026-05-09 16:22:00,C0030,P015,4,320.33,0,Bank Transfer,Online,2026-05-12 23:59:00,orders_batch_3,INVALID_DATE
O000942,2026-05-03 05:48:00,C0023,P033,5,654.4,15,Credit Card,Marketplace,2026-05-06 23:59:00,orders_batch_3,INVALID_DATE
O000943,2026-06-07 05:13:00,C0033,P037,5,185.91,15,Cash,Online,2026-06-10 23:59:00,orders_batch_3,INVALID_DATE
O000944,2026-06-16 04:10:00,C0075,P035,2,997.99,0,Bank Transfer,Marketplace,2026-06-19 23:59:00,orders_batch_3,INVALID_DATE
O000945,2026-05-20 02:02:00,C0017,P025,2,833.67,5,Cash,Marketplace,2026-05-23 23:59:00,orders_batch_3,INVALID_DATE
O000946,2026-05-04 21:39:00,C0034,P002,5,204.81,10,Credit Card,Marketplace,2026-05-07 23:59:00,orders_batch_3,INVALID_DATE
O000947,2026-04-26 11:57:00,C0005,P009,2,192.56,0,PromptPay,Online,2026-04-29 23:59:00,orders_batch_3,INVALID_DATE
O000948,2026-06-14 07:40:00,C0001,P043,6,1295.01,5,Cash,Store,2026-06-17 23:59:00,orders_batch_3,INVALID_DATE
O000949,2026-06-05 16:14:00,C0133,P014,2,358.74,5,Cash,Store,2026-06-08 23:59:00,orders_batch_3,INVALID_DATE
O000950,2026-06-09 01:45:00,C0047,P011,6,616.6,0,Credit Card,Marketplace,2026-06-12 23:59:00,orders_batch_3,INVALID_DATE
O000951,2026-04-09 04:36:00,C0093,P026,4,1185.43,0,PromptPay,Online,2026-04-12 23:59:00,orders_batch_3,INVALID_DATE
O000952,2026-05-30 23:02:00,C0171,P044,2,766,0,Credit Card,Store,2026-06-02 23:59:00,orders_batch_3,INVALID_DATE
O000953,2026-04-06 05:06:00,C0113,P012,5,855.72,0,PromptPay,Store,2026-04-09 23:59:00,orders_batch_3,INVALID_DATE
O000954,2026-06-03 23:21:00,C0126,P005,3,649.9,0,Cash,Store,2026-06-06 23:59:00,orders_batch_3,INVALID_DATE
O000955,2026-04-02 10:37:00,C0163,P017,1,1281.37,10,PromptPay,Marketplace,2026-04-05 23:59:00,orders_batch_3,INVALID_DATE
O000956,2026-05-18 02:19:00,C0130,P002,2,204.81,0,Credit Card,Online,2026-05-21 23:59:00,orders_batch_3,INVALID_DATE
O000957,2026-06-19 08:07:00,C0142,P043,1,1295.01,15,Cash,Store,2026-06-22 23:59:00,orders_batch_3,INVALID_DATE
O000958,2026-06-06 02:54:00,C0111,P033,3,654.4,5,Bank Transfer,Online,2026-06-09 23:59:00,orders_batch_3,INVALID_DATE
O000959,2026-05-30 00:46:00,C0048,P012,5,855.72,5,PromptPay,E-Commerce,2026-06-02 23:59:00,orders_batch_3,INVALID_DATE
O000960,2026-04-09 09:21:00,C0097,P028,4,386.57,15,Cash,Marketplace,2026-04-12 23:59:00,orders_batch_3,INVALID_DATE
O000961,2026-04-15 07:22:00,C0017,P037,5,185.91,0,Bank Transfer,Online,2026-04-18 23:59:00,orders_batch_3,INVALID_DATE
O000962,2026-05-27 14:58:00,C0011,P039,2,688.83,15,Bank Transfer,Store,2026-05-30 23:59:00,orders_batch_3,INVALID_DATE
O000963,2026-05-20 19:21:00,C0069,P999,1,549.89,0,Cash,Online,2026-05-23 23:59:00,orders_batch_3,INVALID_DATE|PRODUCT_NOT_FOUND
O000964,2026-06-12 15:56:00,C0108,P041,6,1291.92,0,Cash,Marketplace,2026-06-15 23:59:00,orders_batch_3,INVALID_DATE
O000965,2026-06-16 01:53:00,C0142,P037,5,185.91,0,Credit Card,Online,2026-06-19 23:59:00,orders_batch_3,INVALID_DATE
O000966,2026-04-08 22:55:00,C0180,P043,3,1295.01,0,PromptPay,Store,2026-04-11 23:59:00,orders_batch_3,INVALID_DATE
O000967,2026-05-25 17:12:00,C0046,P002,1,204.81,0,PromptPay,Store,2026-05-28 23:59:00,orders_batch_3,INVALID_DATE
O000968,2026-05-29 05:54:00,C0091,P005,2,649.9,5,Bank Transfer,Store,2026-06-01 23:59:00,orders_batch_3,INVALID_DATE
O000969,2026-04-20 08:20:00,C0137,P021,3,1114.51,0,PromptPay,Marketplace,2026-04-23 23:59:00,orders_batch_3,INVALID_DATE
O000970,31/02/2026 10:00,C0040,P040,2,1472.44,0,Cash,Online,2026-06-20 23:59:00,orders_batch_3,INVALID_DATE
O000971,2026-05-09 23:06:00,C0092,P013,2,848.73,0,PromptPay,Online,2026-05-12 23:59:00,orders_batch_3,INVALID_DATE
O000972,2026-05-02 08:58:00,C0041,P011,4,616.6,15,PromptPay,Store,2026-05-05 23:59:00,orders_batch_3,INVALID_DATE
O000973,2026-06-16 00:22:00,C0055,P043,2,,10,Bank Transfer,Marketplace,2026-06-19 23:59:00,orders_batch_3,INVALID_DATE|INVALID_UNIT_PRICE
O000974,2026-06-13 08:29:00,C0126,P031,1,599.9,0,Cash,Online,2026-06-16 23:59:00,orders_batch_3,INVALID_DATE
O000975,2026-05-12 19:35:00,C0180,P005,4,649.9,15,Credit Card,Marketplace,2026-05-15 23:59:00,orders_batch_3,INVALID_DATE
O000976,2026-06-05 00:50:00,C0036,P034,4,530.09,0,Credit Card,Marketplace,2026-06-08 23:59:00,orders_batch_3,INVALID_DATE
O000977,2026-04-16 02:09:00,C0082,P026,4,1185.43,0,Cash,Online,2026-04-19 23:59:00,orders_batch_3,INVALID_DATE
O000978,2026-05-27 03:16:00,C0008,P005,6,649.9,10,Bank Transfer,Store,2026-05-30 23:59:00,orders_batch_3,INVALID_DATE
O000979,2026-04-16 01:32:00,C0049,P047,-2,613.02,0,Cash,Store,2026-04-19 23:59:00,orders_batch_3,INVALID_DATE|INVALID_QUANTITY
O000980,2026-04-22 15:31:00,C0060,P024,2,241.87,5,Cash,Online,2026-04-25 23:59:00,orders_batch_3,INVALID_DATE
O000981,2026-05-27 06:20:00,C0002,P046,5,187.09,5,promptpay,Store,2026-05-30 23:59:00,orders_batch_3,INVALID_DATE
O000982,2026-04-24 03:44:00,C0007,P004,4,1451.77,10,Cash,Online,2026-04-27 23:59:00,orders_batch_3,INVALID_DATE
O000983,2026-05-22 05:58:00,C0146,P028,2,386.57,0,Credit Card,Online,2026-05-25 23:59:00,orders_batch_3,INVALID_DATE
O000984,2026-04-16 23:14:00,C0012,P033,4,654.4,5,Bank Transfer,Marketplace,2026-04-19 23:59:00,orders_batch_3,INVALID_DATE
O000985,2026-06-11 20:06:00,C0167,P013,6,848.73,10,Bank Transfer,Online,2026-06-14 23:59:00,orders_batch_3,INVALID_DATE
O000986,2026-04-02 18:29:00,C0087,P041,5,1291.92,10,PromptPay,Store,2026-04-05 23:59:00,orders_batch_3,INVALID_DATE
O000987,2026-06-16 06:53:00,C0032,P040,1,1472.44,5,Cash,Online,2026-06-19 23:59:00,orders_batch_3,INVALID_DATE
O000988,2026-04-25 06:05:00,C0137,P004,1,1451.77,5,Bank Transfer,Online,2026-04-28 23:59:00,orders_batch_3,INVALID_DATE
O000989,2026-04-09 20:04:00,C0135,P014,4,358.74,10,Cash,Store,2026-04-12 23:59:00,orders_batch_3,INVALID_DATE
O000990,2026-05-14 20:59:00,C0129,P020,2,62.79,5,PromptPay,Marketplace,2026-05-17 23:59:00,orders_batch_3,INVALID_DATE
O000991,2026-05-06 04:03:00,C0079,P008,1,292.37,15,Cash,Online,2026-05-09 23:59:00,orders_batch_3,INVALID_DATE
O000992,2026-04-22 16:30:00,C0001,P006,1,967.02,10,Bank Transfer,Marketplace,2026-04-25 23:59:00,orders_batch_3,INVALID_DATE
O000993,2026-06-09 03:38:00,C0025,P044,6,766,0,Cash,Online,2026-06-12 23:59:00,orders_batch_3,INVALID_DATE
O000994,2026-06-19 05:42:00,C0111,P021,1,1114.51,0,PromptPay,Store,2026-06-22 23:59:00,orders_batch_3,INVALID_DATE
O000995,2026-04-10 01:05:00,C0090,P044,6,766,0,Credit Card,Online,2026-04-13 23:59:00,orders_batch_3,INVALID_DATE
O000996,2026-05-04 19:07:00,,P035,4,997.99,0,Cash,Online,2026-05-07 23:59:00,orders_batch_3,INVALID_DATE|CUSTOMER_NOT_FOUND
O000997,2026-05-17 17:22:00,C0126,P039,2,688.83,15,Credit Card,Online,2026-05-20 23:59:00,orders_batch_3,INVALID_DATE
O000998,2026-04-14 18:49:00,C0175,P030,4,915.53,0,Cash,Online,2026-04-17 23:59:00,orders_batch_3,INVALID_DATE
O000999,2026-05-16 22:24:00,C0056,P033,1,654.4,15,Bank Transfer,Online,2026-05-19 23:59:00,orders_batch_3,INVALID_DATE
O001000,2026-06-13 02:32:00,C0010,P006,1,967.02,10,Bank Transfer,Marketplace,2026-06-16 23:59:00,orders_batch_3,INVALID_DATE
O001001,2026-05-21 12:04:00,C0133,P012,6,855.72,15,Credit Card,Marketplace,2026-05-24 23:59:00,orders_batch_3,INVALID_DATE
O001002,2026-06-17 17:48:00,C0081,P019,3,1281.45,5,Credit Card,Store,2026-06-20 23:59:00,orders_batch_3,INVALID_DATE
O001003,2026-05-27 06:42:00,C0177,P007,4,619.54,5,Bank Transfer,Marketplace,2026-05-30 23:59:00,orders_batch_3,INVALID_DATE
O001004,2026-04-11 13:18:00,C0077,P019,2,1281.45,15,Bank Transfer,Marketplace,2026-04-14 23:59:00,orders_batch_3,INVALID_DATE
O001005,2026-06-16 05:18:00,C0104,P024,1,241.87,15,Bank Transfer,Marketplace,2026-06-19 23:59:00,orders_batch_3,INVALID_DATE
O001006,2026-04-11 20:24:00,C0106,P013,2,848.73,0,PromptPay,Store,2026-04-14 23:59:00,orders_batch_3,INVALID_DATE
O001007,2026-04-22 22:56:00,C0055,P013,3,848.73,0,Cash,Marketplace,2026-04-25 23:59:00,orders_batch_3,INVALID_DATE
O001008,2026-04-01 03:46:00,C0068,P036,3,220.86,5,Bank Transfer,Store,2026-04-04 23:59:00,orders_batch_3,INVALID_DATE
O001009,2026-05-22 12:43:00,C0098,P022,2,840.27,5,Cash,Store,2026-05-25 23:59:00,orders_batch_3,INVALID_DATE
O001010,2026-04-17 03:46:00,C0102,P020,2,62.79,120,PromptPay,Marketplace,2026-04-20 23:59:00,orders_batch_3,INVALID_DATE|INVALID_DISCOUNT
O001011,2026-04-01 23:14:00,C0035,P013,3,848.73,0,Cash,Marketplace,2026-04-04 23:59:00,orders_batch_3,INVALID_DATE
O001012,2026-06-08 02:51:00,C0166,P026,6,1185.43,0,Credit Card,Marketplace,2026-06-11 23:59:00,orders_batch_3,INVALID_DATE
O001013,2026-06-13 19:22:00,C0158,P005,6,649.9,10,Cash,Marketplace,2026-06-16 23:59:00,orders_batch_3,INVALID_DATE
O001014,2026-04-26 19:11:00,C0118,P009,2,192.56,10,Credit Card,Store,2026-04-29 23:59:00,orders_batch_3,INVALID_DATE
O001015,2026-06-04 06:12:00,C0017,P027,5,817.79,0,Credit Card,Marketplace,2026-06-07 23:59:00,orders_batch_3,INVALID_DATE
O001016,2026-06-05 03:57:00,C0105,P017,5,THB 1281.37,10,Bank Transfer,Store,2026-06-08 23:59:00,orders_batch_3,INVALID_DATE|INVALID_UNIT_PRICE
O001017,2026-05-31 23:42:00,C0010,P009,three,192.56,0,Bank Transfer,Marketplace,2026-06-03 23:59:00,orders_batch_3,INVALID_DATE|INVALID_QUANTITY
O001018,2026-06-06 18:10:00,C0102,P024,2,241.87,0,Credit Card,Marketplace,2026-06-09 23:59:00,orders_batch_3,INVALID_DATE
O001019,2026-04-25 21:13:00,C0064,P030,6,915.53,5,Cash,Online,2026-04-28 23:59:00,orders_batch_3,INVALID_DATE
O001020,2026-06-13 00:20:00,C0066,P005,5,649.9,0,PromptPay,Marketplace,2026-06-16 23:59:00,orders_batch_3,INVALID_DATE
O001021,2026-06-16 01:19:00,C0045,P006,5,967.02,5,PromptPay,Marketplace,2026-06-19 23:59:00,orders_batch_3,INVALID_DATE
O001022,2026-05-05 02:58:00,C0033,P026,5,1185.43,0,PromptPay,Online,2026-05-08 23:59:00,orders_batch_3,INVALID_DATE
O001023,2026-06-07 14:59:00,C0010,P027,5,817.79,0,Cash,Store,2026-06-10 23:59:00,orders_batch_3,INVALID_DATE
O001024,2026-04-26 11:49:00,C0060,P028,3,386.57,0,Cash,Online,2026-04-29 23:59:00,orders_batch_3,INVALID_DATE
O001025,2026-04-21 22:12:00,C0018,P048,1,211.32,0,Credit Card,Online,2026-04-24 23:59:00,orders_batch_3,INVALID_DATE
O001026,2026-06-18 18:06:00,C0057,P006,2,967.02,10,PromptPay,Online,2026-06-21 23:59:00,orders_batch_3,INVALID_DATE
O001027,2026-05-15 06:29:00,C0151,P032,3,624.66,0,Credit Card,Online,2026-05-18 23:59:00,orders_batch_3,INVALID_DATE
O001028,2026-05-10 20:36:00,C0092,P002,5,204.81,15,Cash,Store,2026-05-13 23:59:00,orders_batch_3,INVALID_DATE
O001029,2026-04-01 23:26:00,C0153,P010,6,1366.97,5,Bank Transfer,Store,2026-04-04 23:59:00,orders_batch_3,INVALID_DATE
O001030,2026-04-08 05:04:00,C0093,P032,1,624.66,0,Bank Transfer,Store,2026-04-11 23:59:00,orders_batch_3,INVALID_DATE
O001031,2026-04-05 07:46:00,C0134,P019,6,1281.45,0,Credit Card,Online,2026-04-08 23:59:00,orders_batch_3,INVALID_DATE
O001032,2026-04-14 22:34:00,C0051,P042,5,733.19,15,PromptPay,Online,2026-04-17 23:59:00,orders_batch_3,INVALID_DATE
O001033,2026-05-06 12:20:00,C0092,P006,3,967.02,10,Cash,Marketplace,2026-05-09 23:59:00,orders_batch_3,INVALID_DATE
O001034,2026-05-09 23:25:00,C0008,P024,3,241.87,10,PromptPay,Online,2026-05-12 23:59:00,orders_batch_3,INVALID_DATE
O001035,2026-04-17 17:34:00,C0021,P020,5,62.79,0,Cash,Store,2026-04-20 23:59:00,orders_batch_3,INVALID_DATE
O001036,2026-04-24 21:19:00,C0101,P015,1,320.33,5,Credit Card,Marketplace,2026-04-27 23:59:00,orders_batch_3,INVALID_DATE
O001037,2026-05-11 22:32:00,C0145,P037,5,185.91,15,Credit Card,Marketplace,2026-05-14 23:59:00,orders_batch_3,INVALID_DATE
O001038,2026-04-30 18:04:00,C0103,P008,2,292.37,0,PromptPay,Online,2026-05-03 23:59:00,orders_batch_3,INVALID_DATE
O001039,2026-05-21 17:26:00,C0168,P041,5,1291.92,15,Credit Card,Online,2026-05-24 23:59:00,orders_batch_3,INVALID_DATE
O001040,2026-05-16 20:00:00,C0058,P030,6,915.53,0,PromptPay,Marketplace,2026-05-19 23:59:00,orders_batch_3,INVALID_DATE
O001041,2026-06-04 06:40:00,C0148,P024,4,241.87,0,Bank Transfer,Store,2026-06-07 23:59:00,orders_batch_3,INVALID_DATE
O001042,2026-05-21 14:15:00,C0038,P039,2,688.83,0,Bank Transfer,Marketplace,2026-05-24 23:59:00,orders_batch_3,INVALID_DATE
O001043,2026-04-07 15:03:00,C9999,P029,5,450.41,0,Bank Transfer,Store,2026-04-10 23:59:00,orders_batch_3,INVALID_DATE|CUSTOMER_NOT_FOUND
O001044,2026-04-03 04:22:00,C0059,P027,1,817.79,0,Bank Transfer,Online,2026-04-06 23:59:00,orders_batch_3,INVALID_DATE
O001045,2026-04-11 06:24:00,C0135,P046,5,187.09,5,PromptPay,Store,2026-04-14 23:59:00,orders_batch_3,INVALID_DATE
O001046,2026-05-07 23:41:00,C0157,P043,2,1295.01,0,PromptPay,Marketplace,2026-05-10 23:59:00,orders_batch_3,INVALID_DATE
O001047,2026-06-14 01:51:00,C0033,P033,6,654.4,0,PromptPay,Online,2026-06-17 23:59:00,orders_batch_3,INVALID_DATE
O001048,not-a-date,C0023,P037,2,185.91,0,Cash,Store,2026-06-18 23:59:00,orders_batch_3,INVALID_DATE
O001049,2026-05-28 17:09:00,C0021,P005,6,649.9,0,Cash,Marketplace,2026-05-31 23:59:00,orders_batch_3,INVALID_DATE
O001050,2026-05-06 02:48:00,C0035,P031,6,599.9,0,Cash,Marketplace,2026-05-09 23:59:00,orders_batch_3,INVALID_DATE
O001051,2026-04-21 19:00:00,C0097,P034,4,530.09,10,PromptPay,Store,2026-04-24 23:59:00,orders_batch_3,INVALID_DATE
O001052,2026-06-05 13:08:00,C0120,P017,4,1281.37,10,PromptPay,Store,2026-06-08 23:59:00,orders_batch_3,INVALID_DATE
O001053,2026-04-03 19:45:00,C0070,P042,5,733.19,0,Bank Transfer,Marketplace,2026-04-06 23:59:00,orders_batch_3,INVALID_DATE
O001054,2026-06-07 16:00:00,C0071,P010,3,1366.97,0,Credit Card,Online,2026-06-10 23:59:00,orders_batch_3,INVALID_DATE
O001055,2026-04-21 07:38:00,C0006,P042,2,733.19,0,Bank Transfer,Store,2026-04-24 23:59:00,orders_batch_3,INVALID_DATE
O001056,2026-05-04 02:04:00,C0007,P003,4,344.85,0,Credit Card,Store,2026-05-07 23:59:00,orders_batch_3,INVALID_DATE
O001057,2026-06-02 13:41:00,C0154,P035,5,997.99,5,PromptPay,Online,2026-06-05 23:59:00,orders_batch_3,INVALID_DATE
O001058,2026-04-06 21:32:00,C0151,P017,4,1281.37,0,Credit Card,Marketplace,2026-04-09 23:59:00,orders_batch_3,INVALID_DATE
O001059,2026-04-10 12:32:00,C0028,P034,1,530.09,10,PromptPay,Online,2026-04-13 23:59:00,orders_batch_3,INVALID_DATE
O001060,2026-04-17 15:30:00,C0051,P037,2,185.91,5,Cash,Marketplace,2026-04-20 23:59:00,orders_batch_3,INVALID_DATE
O001061,2026-05-21 09:56:00,C0025,P014,2,358.74,5,Bank Transfer,Online,2026-05-24 23:59:00,orders_batch_3,INVALID_DATE
O001062,2026-05-25 04:06:00,C0044,P004,2,1451.77,10,PromptPay,Marketplace,2026-05-28 23:59:00,orders_batch_3,INVALID_DATE
O001063,2026-05-12 18:59:00,C0126,P025,4,833.67,0,Credit Card,Marketplace,2026-05-15 23:59:00,orders_batch_3,INVALID_DATE
O001064,2026-04-11 23:31:00,C0043,P039,4,688.83,0,Bank Transfer,Online,2026-04-14 23:59:00,orders_batch_3,INVALID_DATE
O001065,2026-05-17 15:18:00,C0145,P043,1,1295.01,15,Cash,Online,2026-05-20 23:59:00,orders_batch_3,INVALID_DATE
O001066,2026-05-25 13:40:00,C0131,P029,6,450.41,0,Cash,Online,2026-05-28 23:59:00,orders_batch_3,INVALID_DATE
O001067,31/02/2026 10:00,C0080,P042,6,733.19,15,Credit Card,Marketplace,2026-04-28 23:59:00,orders_batch_3,INVALID_DATE
O001068,2026-04-20 01:42:00,C0145,P042,-2,733.19,15,Bank Transfer,Online,2026-04-23 23:59:00,orders_batch_3,INVALID_DATE|INVALID_QUANTITY
O001069,2026-04-04 22:02:00,C0152,P022,6,840.27,5,Credit Card,Online,2026-04-07 23:59:00,orders_batch_3,INVALID_DATE
O001070,2026-05-13 06:50:00,C0023,P999,2,840.27,15,Cash,Store,2026-05-16 23:59:00,orders_batch_3,INVALID_DATE|PRODUCT_NOT_FOUND
O001071,2026-04-11 16:31:00,C0067,P032,1,624.66,0,PromptPay,Online,2026-04-14 23:59:00,orders_batch_3,INVALID_DATE
O001072,2026-04-22 03:32:00,C0042,P013,5,848.73,0,Credit Card,Online,2026-04-25 23:59:00,orders_batch_3,INVALID_DATE
O001073,2026-04-14 16:48:00,C0009,P010,4,1366.97,0,Cash,Online,2026-04-17 23:59:00,orders_batch_3,INVALID_DATE
O001074,2026-05-13 14:51:00,C0064,P043,4,1295.01,5,Cash,Online,2026-05-16 23:59:00,orders_batch_3,INVALID_DATE
O001075,2026-06-16 03:25:00,C0038,P003,3,344.85,0,Credit Card,Store,2026-06-19 23:59:00,orders_batch_3,INVALID_DATE
O001076,2026-04-11 14:02:00,C0032,P027,5,817.79,0,Cash,Online,2026-04-14 23:59:00,orders_batch_3,INVALID_DATE
O001077,2026-06-16 07:35:00,C0097,P015,1,320.33,5,Bank Transfer,Store,2026-06-19 23:59:00,orders_batch_3,INVALID_DATE
O001078,2026-04-25 02:04:00,C0119,P024,2,241.87,0,Cash,Store,2026-04-28 23:59:00,orders_batch_3,INVALID_DATE
O001079,2026-06-12 04:11:00,,P044,2,766,0,Bank Transfer,Marketplace,2026-06-15 23:59:00,orders_batch_3,INVALID_DATE|CUSTOMER_NOT_FOUND
O001080,2026-04-05 06:42:00,C0123,P023,3,784.71,0,Bank Transfer,Store,2026-04-08 23:59:00,orders_batch_3,INVALID_DATE
O001081,2026-04-01 03:01:00,C0179,P046,3,187.09,0,Bank Transfer,Online,2026-04-04 23:59:00,orders_batch_3,INVALID_DATE
O001082,2026-05-06 16:22:00,C0012,P006,1,967.02,0,Bank Transfer,Online,2026-05-09 23:59:00,orders_batch_3,INVALID_DATE
O001083,2026-05-31 12:40:00,C0039,P002,6,204.81,5,PromptPay,Marketplace,2026-06-03 23:59:00,orders_batch_3,INVALID_DATE
O001084,2026-06-08 14:17:00,C0069,P044,6,766,0,Bank Transfer,Marketplace,2026-06-11 23:59:00,orders_batch_3,INVALID_DATE
O001085,2026-04-16 07:55:00,C0049,P002,4,204.81,0,Cash,Online,2026-04-19 23:59:00,orders_batch_3,INVALID_DATE
O001086,2026-05-28 14:08:00,C0078,P002,6,204.81,0,PromptPay,Online,2026-05-31 23:59:00,orders_batch_3,INVALID_DATE
O001087,2026-06-17 14:17:00,C0168,P038,1,979.4,15,Bank Transfer,Marketplace,2026-06-20 23:59:00,orders_batch_3,INVALID_DATE
O001088,2026-05-06 17:57:00,C0091,P040,5,1472.44,0,Credit Card,Online,2026-05-09 23:59:00,orders_batch_3,INVALID_DATE
O001089,2026-05-10 09:37:00,C0094,P001,5,29.67,15,PromptPay,Store,2026-05-13 23:59:00,orders_batch_3,INVALID_DATE
O001090,2026-05-08 14:27:00,C0143,P016,4,878.59,0,cash,Store,2026-05-11 23:59:00,orders_batch_3,INVALID_DATE
O001091,2026-04-20 08:42:00,C0019,P027,4,817.79,0,Cash,Online,2026-04-23 23:59:00,orders_batch_3,INVALID_DATE
O001092,2026-05-18 01:03:00,C0086,P015,6,320.33,0,Credit Card,Marketplace,2026-05-21 23:59:00,orders_batch_3,INVALID_DATE
O001093,2026-05-30 05:53:00,C0001,P042,5,733.19,10,PromptPay,Online,2026-06-02 23:59:00,orders_batch_3,INVALID_DATE
O001094,2026-06-06 05:43:00,C0175,P046,3,187.09,0,PromptPay,Online,2026-06-09 23:59:00,orders_batch_3,INVALID_DATE
O001095,2026-06-04 02:27:00,C0082,P004,5,1451.77,15,PromptPay,Online,2026-06-07 23:59:00,orders_batch_3,INVALID_DATE
O001096,2026-05-24 13:25:00,C0055,P002,4,204.81,10,Credit Card,E-Commerce,2026-05-27 23:59:00,orders_batch_3,INVALID_DATE
O001097,2026-04-07 04:32:00,C0025,P007,1,619.54,0,Bank Transfer,Store,2026-04-10 23:59:00,orders_batch_3,INVALID_DATE
O001098,2026-04-04 15:03:00,C0120,P022,2,840.27,0,Bank Transfer,Marketplace,2026-04-07 23:59:00,orders_batch_3,INVALID_DATE
O001099,2026-04-08 03:43:00,C0163,P009,4,192.56,5,PromptPay,Online,2026-04-11 23:59:00,orders_batch_3,INVALID_DATE
O001100,2026-06-04 05:50:00,C0164,P045,1,1459.08,5,Bank Transfer,Store,2026-06-07 23:59:00,orders_batch_3,INVALID_DATE
O001101,2026-04-30 02:23:00,C0103,P016,1,878.59,0,Credit Card,Store,2026-05-03 23:59:00,orders_batch_3,INVALID_DATE
O001102,2026-04-08 14:53:00,C0080,P040,5,1472.44,15,Cash,Marketplace,2026-04-11 23:59:00,orders_batch_3,INVALID_DATE
O001103,2026-04-29 14:52:00,C0134,P036,5,220.86,0,Cash,Marketplace,2026-05-02 23:59:00,orders_batch_3,INVALID_DATE
O001104,2026-05-18 19:16:00,C0025,P035,1,997.99,15,Credit Card,Store,2026-05-21 23:59:00,orders_batch_3,INVALID_DATE
O001105,2026-06-10 16:51:00,C0040,P025,4,833.67,5,Bank Transfer,Marketplace,2026-06-13 23:59:00,orders_batch_3,INVALID_DATE
O001106,2026-04-24 14:48:00,C0065,P048,3,211.32,10,PromptPay,Store,2026-04-27 23:59:00,orders_batch_3,INVALID_DATE
O001107,2026-05-09 05:21:00,C0019,P006,1,967.02,5,Cash,Online,2026-05-12 23:59:00,orders_batch_3,INVALID_DATE
O001108,2026-05-02 23:57:00,C0032,P041,4,1291.92,15,Bank Transfer,Store,2026-05-05 23:59:00,orders_batch_3,INVALID_DATE
O001109,2026-06-08 04:18:00,C0123,P027,2,817.79,0,PromptPay,Marketplace,2026-06-11 23:59:00,orders_batch_3,INVALID_DATE
O001110,2026-05-17 09:32:00,C0033,P019,2,1281.45,0,PromptPay,Store,2026-05-20 23:59:00,orders_batch_3,INVALID_DATE
O001111,2026-04-08 03:19:00,C0137,P040,3,1472.44,120,PromptPay,Online,2026-04-11 23:59:00,orders_batch_3,INVALID_DATE|INVALID_DISCOUNT
O001112,2026-06-10 12:16:00,C0096,P030,3,,0,Bank Transfer,Marketplace,2026-06-13 23:59:00,orders_batch_3,INVALID_DATE|INVALID_UNIT_PRICE
O001113,2026-06-17 05:18:00,C0058,P027,3,817.79,0,Bank Transfer,Marketplace,2026-06-20 23:59:00,orders_batch_3,INVALID_DATE
O001114,2026-05-28 11:27:00,C0059,P002,2,204.81,0,Cash,Online,2026-05-31 23:59:00,orders_batch_3,INVALID_DATE
O001115,2026-05-11 16:38:00,C0048,P028,3,386.57,0,PromptPay,Marketplace,2026-05-14 23:59:00,orders_batch_3,INVALID_DATE
O001116,2026-04-30 08:16:00,C0144,P040,5,1472.44,15,PromptPay,Marketplace,2026-05-03 23:59:00,orders_batch_3,INVALID_DATE
O001117,2026-05-28 20:00:00,C0005,P009,6,192.56,0,Credit Card,Store,2026-05-31 23:59:00,orders_batch_3,INVALID_DATE
O001118,2026-05-17 23:12:00,C0015,P010,5,1366.97,15,PromptPay,Store,2026-05-20 23:59:00,orders_batch_3,INVALID_DATE
O001119,2026-04-25 05:32:00,C0169,P008,3,292.37,0,PromptPay,Store,2026-04-28 23:59:00,orders_batch_3,INVALID_DATE
O001120,2026-06-17 07:07:00,C0163,P013,1,848.73,0,Credit Card,Online,2026-06-20 23:59:00,orders_batch_3,INVALID_DATE
O001121,2026-04-09 04:24:00,C0090,P011,3,616.6,0,Credit Card,Online,2026-04-12 23:59:00,orders_batch_3,INVALID_DATE
O001122,2026-04-18 07:22:00,C0138,P003,2,344.85,15,Cash,Store,2026-04-21 23:59:00,orders_batch_3,INVALID_DATE
O001123,2026-05-23 00:59:00,C0040,P008,5,292.37,5,Bank Transfer,Marketplace,2026-05-26 23:59:00,orders_batch_3,INVALID_DATE
O001124,2026-05-21 00:45:00,C0105,P024,6,241.87,10,Credit Card,Store,2026-05-24 23:59:00,orders_batch_3,INVALID_DATE
O001125,2026-05-10 08:27:00,C0069,P019,3,1281.45,5,Bank Transfer,Marketplace,2026-05-13 23:59:00,orders_batch_3,INVALID_DATE
O001126,2026-05-11 15:02:00,C0132,P019,5,1281.45,0,Bank Transfer,Online,2026-05-14 23:59:00,orders_batch_3,INVALID_DATE
O001127,2026-04-27 20:25:00,C0075,P038,5,979.4,5,PromptPay,Store,2026-04-30 23:59:00,orders_batch_3,INVALID_DATE
O001128,2026-06-08 09:43:00,C0035,P014,4,358.74,5,Credit Card,Store,2026-06-11 23:59:00,orders_batch_3,INVALID_DATE
O001129,2026-04-09 09:58:00,C0141,P017,1,1281.37,5,Bank Transfer,Store,2026-04-12 23:59:00,orders_batch_3,INVALID_DATE
O001130,2026-05-02 06:41:00,C0089,P001,three,29.67,0,Credit Card,Store,2026-05-05 23:59:00,orders_batch_3,INVALID_DATE|INVALID_QUANTITY
O001131,2026-05-02 21:22:00,C0149,P001,2,29.67,0,Credit Card,Marketplace,2026-05-05 23:59:00,orders_batch_3,INVALID_DATE
O001132,2026-04-24 04:49:00,C0037,P008,3,292.37,0,Credit Card,Store,2026-04-27 23:59:00,orders_batch_3,INVALID_DATE
O001133,2026-05-27 16:53:00,C0155,P014,4,358.74,10,Credit Card,Online,2026-05-30 23:59:00,orders_batch_3,INVALID_DATE
O001134,2026-04-10 07:13:00,C0071,P021,3,1114.51,10,Cash,Marketplace,2026-04-13 23:59:00,orders_batch_3,INVALID_DATE
O001135,2026-06-09 14:26:00,C0146,P013,2,848.73,15,Bank Transfer,Online,2026-06-12 23:59:00,orders_batch_3,INVALID_DATE
O001136,2026-05-28 10:07:00,C0160,P011,3,616.6,15,Bank Transfer,Store,2026-05-31 23:59:00,orders_batch_3,INVALID_DATE
O001137,2026-05-27 11:24:00,C0114,P030,4,915.53,0,Cash,Store,2026-05-30 23:59:00,orders_batch_3,INVALID_DATE
O001138,2026-04-09 11:26:00,C0095,P013,2,848.73,15,PromptPay,Store,2026-04-12 23:59:00,orders_batch_3,INVALID_DATE
O001139,2026-05-30 00:21:00,C0049,P035,6,997.99,5,Bank Transfer,Store,2026-06-02 23:59:00,orders_batch_3,INVALID_DATE
O001140,2026-04-03 23:27:00,C0022,P009,6,192.56,5,Credit Card,Store,2026-04-06 23:59:00,orders_batch_3,INVALID_DATE
O001141,2026-04-17 01:01:00,C0024,P033,1,654.4,0,Credit Card,Online,2026-04-20 23:59:00,orders_batch_3,INVALID_DATE
O001142,2026-04-02 14:38:00,C0148,P043,5,1295.01,0,PromptPay,Store,2026-04-05 23:59:00,orders_batch_3,INVALID_DATE
O001143,2026-05-02 04:03:00,C0103,P038,6,THB 979.4,0,Bank Transfer,Marketplace,2026-05-05 23:59:00,orders_batch_3,INVALID_DATE|INVALID_UNIT_PRICE
O001144,2026-04-27 14:23:00,C0057,P001,3,29.67,0,Bank Transfer,Online,2026-04-30 23:59:00,orders_batch_3,INVALID_DATE
O001145,2026-04-09 22:25:00,C0091,P025,6,833.67,0,Credit Card,Online,2026-04-12 23:59:00,orders_batch_3,INVALID_DATE
O001146,2026-05-11 03:10:00,C0104,P038,6,979.4,5,PromptPay,Marketplace,2026-05-14 23:59:00,orders_batch_3,INVALID_DATE
O001147,2026-06-18 22:21:00,C0172,P008,4,292.37,0,Credit Card,Store,2026-06-21 23:59:00,orders_batch_3,INVALID_DATE
O001148,2026-04-10 12:17:00,C0143,P048,6,211.32,5,Bank Transfer,Store,2026-04-13 23:59:00,orders_batch_3,INVALID_DATE
O001149,2026-04-19 22:50:00,C0143,P002,5,204.81,0,Cash,Store,2026-04-22 23:59:00,orders_batch_3,INVALID_DATE
O001150,2026-05-12 01:51:00,C0150,P018,6,549.89,10,PromptPay,Store,2026-05-15 23:59:00,orders_batch_3,INVALID_DATE
O001151,2026-05-20 06:12:00,C0159,P004,6,1451.77,0,PromptPay,Online,2026-05-23 23:59:00,orders_batch_3,INVALID_DATE
O001152,2026-04-21 11:12:00,C0049,P043,6,1295.01,0,Cash,Store,2026-04-24 23:59:00,orders_batch_3,INVALID_DATE
O001153,2026-06-16 05:19:00,C0079,P046,1,187.09,0,Credit Card,Marketplace,2026-06-19 23:59:00,orders_batch_3,INVALID_DATE
O001154,2026-04-16 20:53:00,C0051,P015,5,320.33,0,Cash,Store,2026-04-19 23:59:00,orders_batch_3,INVALID_DATE
O001155,2026-04-27 07:55:00,C0169,P046,6,187.09,10,Credit Card,Store,2026-04-30 23:59:00,orders_batch_3,INVALID_DATE
O001156,2026-04-22 11:18:00,C0032,P024,6,241.87,5,Bank Transfer,Online,2026-04-25 23:59:00,orders_batch_3,INVALID_DATE
O001157,2026-06-17 10:55:00,C0133,P041,-2,1291.92,5,Credit Card,Store,2026-06-20 23:59:00,orders_batch_3,INVALID_DATE|INVALID_QUANTITY
O001158,2026-06-01 06:27:00,C0133,P025,1,833.67,10,Cash,Marketplace,2026-06-04 23:59:00,orders_batch_3,INVALID_DATE
O001159,2026-06-18 12:48:00,C0026,P005,4,649.9,5,Cash,Marketplace,2026-06-21 23:59:00,orders_batch_3,INVALID_DATE
O001160,2026-06-14 09:20:00,C0170,P044,4,766,5,PromptPay,Marketplace,2026-06-17 23:59:00,orders_batch_3,INVALID_DATE
O001161,2026-06-17 10:55:00,C0138,P037,3,185.91,0,Bank Transfer,Store,2026-06-20 23:59:00,orders_batch_3,INVALID_DATE
O001162,2026-06-07 09:16:00,,P027,6,817.79,15,Cash,Store,2026-06-10 23:59:00,orders_batch_3,INVALID_DATE|CUSTOMER_NOT_FOUND
O001163,2026-06-05 04:00:00,C0166,P045,6,1459.08,0,Cash,Store,2026-06-08 23:59:00,orders_batch_3,INVALID_DATE
O001164,31/02/2026 10:00,C0107,P008,4,292.37,15,Bank Transfer,Store,2026-05-09 23:59:00,orders_batch_3,INVALID_DATE
O001165,2026-05-22 02:24:00,C0111,P014,2,358.74,15,Bank Transfer,Online,2026-05-25 23:59:00,orders_batch_3,INVALID_DATE
O001166,2026-04-20 21:39:00,C0104,P046,2,187.09,5,Cash,Online,2026-04-23 23:59:00,orders_batch_3,INVALID_DATE
O001167,2026-04-22 02:27:00,C0176,P034,5,530.09,15,Bank Transfer,Marketplace,2026-04-25 23:59:00,orders_batch_3,INVALID_DATE
O001168,2026-05-12 06:55:00,C0031,P005,4,649.9,0,Cash,Online,2026-05-15 23:59:00,orders_batch_3,INVALID_DATE
O001169,2026-04-04 19:57:00,C0146,P003,1,344.85,0,PromptPay,Online,2026-04-07 23:59:00,orders_batch_3,INVALID_DATE
O001170,2026-04-02 10:06:00,C0019,P027,5,817.79,10,Credit Card,Online,2026-04-05 23:59:00,orders_batch_3,INVALID_DATE
O001171,2026-04-10 10:26:00,C0150,P014,6,358.74,5,Bank Transfer,Marketplace,2026-04-13 23:59:00,orders_batch_3,INVALID_DATE
O001172,2026-04-20 07:06:00,C0157,P034,5,530.09,15,Bank Transfer,Marketplace,2026-04-23 23:59:00,orders_batch_3,INVALID_DATE
O001173,2026-04-21 13:20:00,C0063,P010,3,1366.97,0,Bank Transfer,Online,2026-04-24 23:59:00,orders_batch_3,INVALID_DATE
O001174,2026-05-09 05:11:00,C0027,P019,5,1281.45,10,Bank Transfer,Marketplace,2026-05-12 23:59:00,orders_batch_3,INVALID_DATE
O001175,2026-04-18 08:01:00,C0155,P040,2,1472.44,0,Cash,Marketplace,2026-04-21 23:59:00,orders_batch_3,INVALID_DATE
O001176,2026-05-11 06:27:00,C0175,P005,4,649.9,0,Credit Card,Online,2026-05-14 23:59:00,orders_batch_3,INVALID_DATE
O001177,2026-04-04 04:07:00,C0129,P999,1,358.74,0,PromptPay,Marketplace,2026-04-07 23:59:00,orders_batch_3,INVALID_DATE|PRODUCT_NOT_FOUND
O001178,2026-04-29 10:15:00,C0158,P048,5,211.32,0,Cash,Marketplace,2026-05-02 23:59:00,orders_batch_3,INVALID_DATE
O001179,not-a-date,C0171,P031,1,599.9,15,Credit Card,Store,2026-05-07 23:59:00,orders_batch_3,INVALID_DATE
O001180,2026-04-25 09:15:00,C0144,P009,1,192.56,5,Credit Card,Online,2026-04-28 23:59:00,orders_batch_3,INVALID_DATE
O001181,2026-06-04 08:53:00,C0132,P014,2,358.74,10,Credit Card,Online,2026-06-07 23:59:00,orders_batch_3,INVALID_DATE
O001182,2026-04-18 07:35:00,C0156,P037,3,185.91,0,Bank Transfer,Online,2026-04-21 23:59:00,orders_batch_3,INVALID_DATE
O001183,2026-04-20 00:24:00,C0045,P038,3,979.4,0,PromptPay,Store,2026-04-23 23:59:00,orders_batch_3,INVALID_DATE
O001184,2026-04-24 17:45:00,C0080,P017,3,1281.37,10,PromptPay,Marketplace,2026-04-27 23:59:00,orders_batch_3,INVALID_DATE
O001185,2026-04-03 05:34:00,C0050,P008,2,292.37,5,Cash,Store,2026-04-06 23:59:00,orders_batch_3,INVALID_DATE
O001186,2026-04-08 08:41:00,C0148,P028,3,386.57,0,Cash,Online,2026-04-11 23:59:00,orders_batch_3,INVALID_DATE
O001187,2026-05-12 12:30:00,C0103,P040,1,1472.44,10,Credit Card,Store,2026-05-15 23:59:00,orders_batch_3,INVALID_DATE
O001188,2026-05-03 07:34:00,C0164,P042,4,733.19,10,Cash,Marketplace,2026-05-06 23:59:00,orders_batch_3,INVALID_DATE
O001189,2026-04-09 20:45:00,C0007,P039,2,688.83,15,Cash,Store,2026-04-12 23:59:00,orders_batch_3,INVALID_DATE
O001190,2026-05-31 14:47:00,C0077,P023,6,784.71,0,Cash,Store,2026-06-03 23:59:00,orders_batch_3,INVALID_DATE
O001191,2026-04-15 07:23:00,C0061,P007,5,619.54,15,PromptPay,Marketplace,2026-04-18 23:59:00,orders_batch_3,INVALID_DATE
O001192,2026-05-02 18:39:00,C9999,P045,2,1459.08,10,PromptPay,Store,2026-05-05 23:59:00,orders_batch_3,INVALID_DATE|CUSTOMER_NOT_FOUND
O001193,2026-04-12 10:07:00,C0163,P025,5,833.67,0,Bank Transfer,Store,2026-04-15 23:59:00,orders_batch_3,INVALID_DATE
O001194,2026-06-11 21:02:00,C0102,P030,3,915.53,5,Credit Card,Store,2026-06-14 23:59:00,orders_batch_3,INVALID_DATE
O001195,2026-05-31 17:20:00,C0053,P024,3,241.87,15,Cash,Online,2026-06-03 23:59:00,orders_batch_3,INVALID_DATE
O001196,2026-05-06 19:14:00,C0103,P020,5,62.79,0,Bank Transfer,Marketplace,2026-05-09 23:59:00,orders_batch_3,INVALID_DATE
O001197,2026-04-14 19:28:00,C0135,P018,2,549.89,5,PromptPay,Store,2026-04-17 23:59:00,orders_batch_3,INVALID_DATE
O001198,2026-05-24 02:52:00,C0051,P029,4,450.41,0,PromptPay,Store,2026-05-27 23:59:00,orders_batch_3,INVALID_DATE
O001199,2026-04-15 20:24:00,C0052,P031,4,599.9,5,credit card,Online,2026-04-18 23:59:00,orders_batch_3,INVALID_DATE
O001200,2026-05-15 11:27:00,C0089,P040,5,1472.44,5,Credit Card,Online,2026-05-18 23:59:00,orders_batch_3,INVALID_DATE
O001201,2026-06-17 20:54:00,C0103,P034,3,530.09,0,PromptPay,Store,2026-06-20 23:59:00,orders_batch_3,INVALID_DATE
O001202,2026-06-10 02:18:00,C0055,P028,2,386.57,10,Cash,Store,2026-06-13 23:59:00,orders_batch_3,INVALID_DATE
O001203,2026-04-18 19:08:00,C0146,P031,5,599.9,0,Credit Card,Marketplace,2026-04-21 23:59:00,orders_batch_3,INVALID_DATE
O001204,2026-04-10 15:37:00,C0067,P043,3,1295.01,0,Bank Transfer,Store,2026-04-13 23:59:00,orders_batch_3,INVALID_DATE
O001205,2026-04-13 05:03:00,C0058,P012,3,855.72,5,Credit Card,Online,2026-04-16 23:59:00,orders_batch_3,INVALID_DATE
O001206,2026-06-10 06:23:00,C0171,P014,3,358.74,15,Bank Transfer,Store,2026-06-13 23:59:00,orders_batch_3,INVALID_DATE
O001207,2026-05-10 14:33:00,C0025,P033,1,654.4,10,Bank Transfer,Store,2026-05-13 23:59:00,orders_batch_3,INVALID_DATE
O001208,2026-05-30 16:18:00,C0142,P046,4,187.09,5,PromptPay,Online,2026-06-02 23:59:00,orders_batch_3,INVALID_DATE
O001209,2026-05-15 19:35:00,C0160,P005,4,649.9,15,Credit Card,Store,2026-05-18 23:59:00,orders_batch_3,INVALID_DATE
O001210,2026-04-12 19:00:00,C0133,P028,2,386.57,0,Bank Transfer,Marketplace,2026-04-15 23:59:00,orders_batch_3,INVALID_DATE
O001211,2026-06-07 22:56:00,C0053,P038,4,979.4,0,PromptPay,Marketplace,2026-06-10 23:59:00,orders_batch_3,INVALID_DATE
O001212,2026-05-20 16:45:00,C0154,P004,5,1451.77,120,Bank Transfer,Marketplace,2026-05-23 23:59:00,orders_batch_3,INVALID_DATE|INVALID_DISCOUNT
O001213,2026-06-08 23:15:00,C0003,P039,2,688.83,5,Credit Card,Marketplace,2026-06-11 23:59:00,orders_batch_3,INVALID_DATE
O001214,2026-06-13 05:44:00,C0015,P003,5,344.85,5,Credit Card,Store,2026-06-16 23:59:00,orders_batch_3,INVALID_DATE
O001215,2026-05-15 03:30:00,C0027,P037,5,185.91,0,Credit Card,Marketplace,2026-05-18 23:59:00,orders_batch_3,INVALID_DATE
O001216,2026-06-01 06:18:00,C0018,P024,2,241.87,5,Credit Card,Marketplace,2026-06-04 23:59:00,orders_batch_3,INVALID_DATE
O001217,2026-06-15 09:14:00,C0036,P007,6,619.54,5,Credit Card,Online,2026-06-18 23:59:00,orders_batch_3,INVALID_DATE
O001218,2026-05-06 10:31:00,C0147,P008,5,292.37,0,Credit Card,Online,2026-05-09 23:59:00,orders_batch_3,INVALID_DATE
O001219,2026-05-28 14:17:00,C0060,P004,6,1451.77,0,Cash,Store,2026-05-31 23:59:00,orders_batch_3,INVALID_DATE
O001220,2026-06-11 12:40:00,C0094,P028,6,386.57,0,Cash,Online,2026-06-14 23:59:00,orders_batch_3,INVALID_DATE
O001221,2026-05-30 14:31:00,C0139,P021,6,1114.51,5,PromptPay,Online,2026-06-02 23:59:00,orders_batch_3,INVALID_DATE
O001222,2026-05-23 18:05:00,C0076,P019,6,1281.45,0,Bank Transfer,Store,2026-05-26 23:59:00,orders_batch_3,INVALID_DATE
O001223,2026-06-09 07:37:00,C0150,P037,2,185.91,10,Bank Transfer,Online,2026-06-12 23:59:00,orders_batch_3,INVALID_DATE
O001224,2026-06-10 23:28:00,C0149,P001,1,29.67,10,Cash,Marketplace,2026-06-13 23:59:00,orders_batch_3,INVALID_DATE
O001225,2026-04-17 12:42:00,C0137,P026,5,1185.43,0,Cash,Marketplace,2026-04-20 23:59:00,orders_batch_3,INVALID_DATE
O001226,2026-04-27 12:50:00,C0059,P048,6,211.32,15,Credit Card,Marketplace,2026-04-30 23:59:00,orders_batch_3,INVALID_DATE
O001227,2026-04-27 00:07:00,C0079,P011,2,616.6,0,Bank Transfer,Online,2026-04-30 23:59:00,orders_batch_3,INVALID_DATE
O001228,2026-06-15 12:23:00,C0035,P015,5,320.33,5,Credit Card,Online,2026-06-18 23:59:00,orders_batch_3,INVALID_DATE
O001229,2026-05-24 17:18:00,C0035,P031,1,599.9,15,Bank Transfer,Marketplace,2026-05-27 23:59:00,orders_batch_3,INVALID_DATE
O001230,2026-04-16 20:20:00,C0091,P004,1,1451.77,0,Cash,Marketplace,2026-04-19 23:59:00,orders_batch_3,INVALID_DATE
O001231,2026-04-17 23:02:00,C0078,P045,1,1459.08,10,Credit Card,Marketplace,2026-04-20 23:59:00,orders_batch_3,INVALID_DATE
O001232,2026-04-12 20:28:00,C0037,P003,4,344.85,5,Bank Transfer,Marketplace,2026-04-15 23:59:00,orders_batch_3,INVALID_DATE
O001233,2026-04-13 07:30:00,C0178,P038,1,979.4,10,Credit Card,E-Commerce,2026-04-16 23:59:00,orders_batch_3,INVALID_DATE
O001234,2026-05-02 13:34:00,C0051,P034,3,530.09,0,Cash,Store,2026-05-05 23:59:00,orders_batch_3,INVALID_DATE
O001235,2026-06-15 02:30:00,C0019,P005,5,649.9,10,Credit Card,Online,2026-06-18 23:59:00,orders_batch_3,INVALID_DATE
O001236,2026-05-31 16:57:00,C0115,P033,3,654.4,10,PromptPay,Marketplace,2026-06-03 23:59:00,orders_batch_3,INVALID_DATE
O001237,2026-06-15 03:01:00,C0098,P024,1,241.87,10,PromptPay,Marketplace,2026-06-18 23:59:00,orders_batch_3,INVALID_DATE
O001238,2026-04-17 11:44:00,C0036,P047,5,613.02,10,PromptPay,Marketplace,2026-04-20 23:59:00,orders_batch_3,INVALID_DATE
O001239,2026-05-24 16:47:00,C0012,P038,3,979.4,15,Cash,Marketplace,2026-05-27 23:59:00,orders_batch_3,INVALID_DATE
O001240,2026-05-15 03:15:00,C0067,P015,3,320.33,0,Cash,Store,2026-05-18 23:59:00,orders_batch_3,INVALID_DATE
O001241,2026-05-16 16:21:00,C0131,P004,4,1451.77,0,Bank Transfer,Store,2026-05-19 23:59:00,orders_batch_3,INVALID_DATE
O001242,2026-04-07 18:17:00,C0020,P034,1,530.09,0,Bank Transfer,Marketplace,2026-04-10 23:59:00,orders_batch_3,INVALID_DATE
O001243,2026-04-02 11:45:00,C0078,P015,three,320.33,0,Credit Card,Store,2026-04-05 23:59:00,orders_batch_3,INVALID_DATE|INVALID_QUANTITY
O001244,2026-04-15 17:07:00,C0100,P013,1,848.73,15,Credit Card,Store,2026-04-18 23:59:00,orders_batch_3,INVALID_DATE
O001245,2026-04-17 23:42:00,,P023,3,784.71,10,Bank Transfer,Online,2026-04-20 23:59:00,orders_batch_3,INVALID_DATE|CUSTOMER_NOT_FOUND
O001246,2026-05-07 12:27:00,C0014,P024,-2,241.87,0,Bank Transfer,Store,2026-05-10 23:59:00,orders_batch_3,INVALID_DATE|INVALID_QUANTITY
O001247,2026-06-14 17:08:00,C0061,P034,4,530.09,0,Credit Card,Store,2026-06-17 23:59:00,orders_batch_3,INVALID_DATE
O001248,2026-04-04 02:19:00,C0134,P011,3,616.6,15,Bank Transfer,Online,2026-04-07 23:59:00,orders_batch_3,INVALID_DATE
O001249,2026-06-16 06:16:00,C0119,P026,2,1185.43,10,PromptPay,Store,2026-06-19 23:59:00,orders_batch_3,INVALID_DATE
O001250,2026-05-19 02:12:00,C0117,P005,4,649.9,0,PromptPay,Store,2026-05-22 23:59:00,orders_batch_3,INVALID_DATE
O001251,2026-05-28 02:21:00,C0059,P025,1,,0,Bank Transfer,Store,2026-05-31 23:59:00,orders_batch_3,INVALID_DATE|INVALID_UNIT_PRICE
O001252,2026-05-13 00:52:00,C0147,P048,6,211.32,0,Bank Transfer,Marketplace,2026-05-16 23:59:00,orders_batch_3,INVALID_DATE
O001253,2026-05-22 12:56:00,C0171,P023,2,784.71,0,Bank Transfer,Marketplace,2026-05-25 23:59:00,orders_batch_3,INVALID_DATE
O001254,2026-06-01 14:47:00,C0102,P021,6,1114.51,15,Credit Card,Marketplace,2026-06-04 23:59:00,orders_batch_3,INVALID_DATE
O001255,2026-05-10 10:49:00,C0110,P023,2,784.71,10,Credit Card,Online,2026-05-13 23:59:00,orders_batch_3,INVALID_DATE
O001256,2026-04-23 19:04:00,C0121,P022,5,840.27,0,PromptPay,Store,2026-04-26 23:59:00,orders_batch_3,INVALID_DATE
O001257,2026-06-11 17:08:00,C0121,P027,1,817.79,5,Cash,Store,2026-06-14 23:59:00,orders_batch_3,INVALID_DATE
O001258,2026-04-22 21:04:00,C0002,P035,3,997.99,15,Cash,Store,2026-04-25 23:59:00,orders_batch_3,INVALID_DATE
O001259,2026-05-07 21:04:00,C0045,P027,4,817.79,15,PromptPay,Online,2026-05-10 23:59:00,orders_batch_3,INVALID_DATE
O001260,2026-04-05 01:47:00,C0020,P006,2,967.02,0,PromptPay,Store,2026-04-08 23:59:00,orders_batch_3,INVALID_DATE
O000848,2026-04-13 10:51:00,C0030,P018,4,549.89,0,Cash,Marketplace,2026-04-16 23:59:00,orders_batch_3,INVALID_DATE
O000865,2026-06-06 03:28:00,C0159,P030,4,915.53,0,Cash,Marketplace,2026-06-09 23:59:00,orders_batch_3,INVALID_DATE
O000900,2026-06-16 10:12:00,C0059,P011,5,616.6,0,Cash,Marketplace,2026-06-19 23:59:00,orders_batch_3,INVALID_DATE
O000831,2026-03-15 12:00:00,C0008,P008,4,292.37,10,PromptPay,Online,2026-03-17 23:59:00,orders_batch_3,INVALID_DATE
